<?xml version="1.0" encoding="UTF-8"?>
<GenRun Id="impl_1" LaunchPart="xc7a35tcpg236-1" LaunchTime="1532327531">
  <File Type="PWROPT-DRC" Name="MYAA_drc_pwropted.rpt"/>
  <File Type="OPT-METHODOLOGY-DRC" Name="MYAA_methodology_drc_opted.rpt"/>
  <File Type="INIT-TIMING" Name="MYAA_timing_summary_init.rpt"/>
  <File Type="ROUTE-PWR-RPX" Name="MYAA_power_routed.rpx"/>
  <File Type="PA-TCL" Name="MYAA.tcl"/>
  <File Type="OPT-HWDEF" Name="MYAA.hwdef"/>
  <File Type="RDI-RDI" Name="MYAA.vdi"/>
  <File Type="OPT-DCP" Name="MYAA_opt.dcp"/>
  <File Type="OPT-DRC" Name="MYAA_drc_opted.rpt"/>
  <File Type="OPT-TIMING" Name="MYAA_timing_summary_opted.rpt"/>
  <File Type="PWROPT-DCP" Name="MYAA_pwropt.dcp"/>
  <File Type="PWROPT-TIMING" Name="MYAA_timing_summary_pwropted.rpt"/>
  <File Type="PLACE-DCP" Name="MYAA_placed.dcp"/>
  <File Type="PLACE-IO" Name="MYAA_io_placed.rpt"/>
  <File Type="PLACE-CLK" Name="MYAA_clock_utilization_placed.rpt"/>
  <File Type="PLACE-UTIL" Name="MYAA_utilization_placed.rpt"/>
  <File Type="PLACE-UTIL-PB" Name="MYAA_utilization_placed.pb"/>
  <File Type="PLACE-CTRL" Name="MYAA_control_sets_placed.rpt"/>
  <File Type="PLACE-SIMILARITY" Name="MYAA_incremental_reuse_placed.rpt"/>
  <File Type="PLACE-PRE-SIMILARITY" Name="MYAA_incremental_reuse_pre_placed.rpt"/>
  <File Type="PLACE-TIMING" Name="MYAA_timing_summary_placed.rpt"/>
  <File Type="POSTPLACE-PWROPT-DCP" Name="MYAA_postplace_pwropt.dcp"/>
  <File Type="POSTPLACE-PWROPT-TIMING" Name="MYAA_timing_summary_postplace_pwropted.rpt"/>
  <File Type="PHYSOPT-DCP" Name="MYAA_physopt.dcp"/>
  <File Type="PHYSOPT-DRC" Name="MYAA_drc_physopted.rpt"/>
  <File Type="PHYSOPT-TIMING" Name="MYAA_timing_summary_physopted.rpt"/>
  <File Type="ROUTE-ERROR-DCP" Name="MYAA_routed_error.dcp"/>
  <File Type="ROUTE-DCP" Name="MYAA_routed.dcp"/>
  <File Type="ROUTE-BLACKBOX-DCP" Name="MYAA_routed_bb.dcp"/>
  <File Type="ROUTE-DRC" Name="MYAA_drc_routed.rpt"/>
  <File Type="ROUTE-DRC-PB" Name="MYAA_drc_routed.pb"/>
  <File Type="BG-BIN" Name="MYAA.bin"/>
  <File Type="ROUTE-DRC-RPX" Name="MYAA_drc_routed.rpx"/>
  <File Type="BG-DRC" Name="MYAA.drc"/>
  <File Type="ROUTE-METHODOLOGY-DRC" Name="MYAA_methodology_drc_routed.rpt"/>
  <File Type="BITSTR-MSK" Name="MYAA.msk"/>
  <File Type="ROUTE-METHODOLOGY-DRC-RPX" Name="MYAA_methodology_drc_routed.rpx"/>
  <File Type="BG-BGN" Name="MYAA.bgn"/>
  <File Type="ROUTE-METHODOLOGY-DRC-PB" Name="MYAA_methodology_drc_routed.pb"/>
  <File Type="ROUTE-PWR" Name="MYAA_power_routed.rpt"/>
  <File Type="ROUTE-PWR-SUM" Name="MYAA_power_summary_routed.pb"/>
  <File Type="ROUTE-STATUS" Name="MYAA_route_status.rpt"/>
  <File Type="ROUTE-STATUS-PB" Name="MYAA_route_status.pb"/>
  <File Type="ROUTE-TIMINGSUMMARY" Name="MYAA_timing_summary_routed.rpt"/>
  <File Type="ROUTE-TIMING-PB" Name="MYAA_timing_summary_routed.pb"/>
  <File Type="ROUTE-TIMING-RPX" Name="MYAA_timing_summary_routed.rpx"/>
  <File Type="ROUTE-SIMILARITY" Name="MYAA_incremental_reuse_routed.rpt"/>
  <File Type="ROUTE-CLK" Name="MYAA_clock_utilization_routed.rpt"/>
  <File Type="POSTROUTE-PHYSOPT-DCP" Name="MYAA_postroute_physopt.dcp"/>
  <File Type="POSTROUTE-PHYSOPT-BLACKBOX-DCP" Name="MYAA_postroute_physopt_bb.dcp"/>
  <File Type="POSTROUTE-PHYSOPT-TIMING" Name="MYAA_timing_summary_postroute_physopted.rpt"/>
  <File Type="POSTROUTE-PHYSOPT-TIMING-PB" Name="MYAA_timing_summary_postroute_physopted.pb"/>
  <File Type="POSTROUTE-PHYSOPT-TIMING-RPX" Name="MYAA_timing_summary_postroute_physopted.rpx"/>
  <File Type="BG-BIT" Name="MYAA.bit"/>
  <File Type="BITSTR-RBT" Name="MYAA.rbt"/>
  <File Type="BITSTR-NKY" Name="MYAA.nky"/>
  <File Type="BITSTR-BMM" Name="MYAA_bd.bmm"/>
  <File Type="BITSTR-MMI" Name="MYAA.mmi"/>
  <File Type="BITSTR-SYSDEF" Name="MYAA.sysdef"/>
  <File Type="WBT-USG" Name="usage_statistics_webtalk.html"/>
  <FileSet Name="sources" Type="DesignSrcs" RelSrcDir="$PSRCDIR/sources_1">
    <Filter Type="Srcs"/>
    <File Path="$PSRCDIR/sources_1/new/seg7.v">
      <FileInfo>
        <Attr Name="UsedIn" Val="synthesis"/>
        <Attr Name="UsedIn" Val="implementation"/>
        <Attr Name="UsedIn" Val="simulation"/>
      </FileInfo>
    </File>
    <File Path="$PSRCDIR/sources_1/new/MYAA.v">
      <FileInfo>
        <Attr Name="UsedIn" Val="synthesis"/>
        <Attr Name="UsedIn" Val="implementation"/>
        <Attr Name="UsedIn" Val="simulation"/>
      </FileInfo>
    </File>
    <File Path="$PSRCDIR/sources_1/new/baud_gen.v">
      <FileInfo>
        <Attr Name="UsedIn" Val="synthesis"/>
        <Attr Name="UsedIn" Val="implementation"/>
        <Attr Name="UsedIn" Val="simulation"/>
      </FileInfo>
    </File>
    <File Path="$PSRCDIR/sources_1/new/uart_tx.v">
      <FileInfo>
        <Attr Name="UsedIn" Val="synthesis"/>
        <Attr Name="UsedIn" Val="implementation"/>
        <Attr Name="UsedIn" Val="simulation"/>
      </FileInfo>
    </File>
    <File Path="$PSRCDIR/sources_1/new/rx_module.v">
      <FileInfo>
        <Attr Name="UsedIn" Val="synthesis"/>
        <Attr Name="UsedIn" Val="implementation"/>
        <Attr Name="UsedIn" Val="simulation"/>
      </FileInfo>
    </File>
    <File Path="$PSRCDIR/sources_1/ip/xfft_1/xfft_1.xci">
      <FileInfo>
        <Attr Name="UsedIn" Val="synthesis"/>
        <Attr Name="UsedIn" Val="implementation"/>
        <Attr Name="UsedIn" Val="simulation"/>
      </FileInfo>
    </File>
    <Config>
      <Option Name="DesignMode" Val="RTL"/>
      <Option Name="TopModule" Val="MYAA"/>
      <Option Name="TopAutoSet" Val="TRUE"/>
    </Config>
  </FileSet>
  <FileSet Name="constrs_in" Type="Constrs" RelSrcDir="$PSRCDIR/constrs_1">
    <Filter Type="Constrs"/>
    <File Path="$PSRCDIR/constrs_1/new/cons1.xdc">
      <FileInfo>
        <Attr Name="UsedIn" Val="synthesis"/>
        <Attr Name="UsedIn" Val="implementation"/>
      </FileInfo>
    </File>
    <Config>
      <Option Name="TargetConstrsFile" Val="$PSRCDIR/constrs_1/new/cons1.xdc"/>
      <Option Name="ConstrsType" Val="XDC"/>
    </Config>
  </FileSet>
  <Strategy Version="1" Minor="2">
    <StratHandle Name="Vivado Implementation Defaults" Flow="Vivado Implementation 2016"/>
    <Step Id="init_design"/>
    <Step Id="opt_design"/>
    <Step Id="power_opt_design"/>
    <Step Id="place_design"/>
    <Step Id="post_place_power_opt_design"/>
    <Step Id="phys_opt_design"/>
    <Step Id="route_design"/>
    <Step Id="post_route_phys_opt_design"/>
    <Step Id="write_bitstream"/>
  </Strategy>
  <BlockFileSet Type="BlockSrcs" Name="clk_wiz_115302"/>
  <BlockFileSet Type="BlockSrcs" Name="clk_wiz_0"/>
  <BlockFileSet Type="BlockSrcs" Name="cordic_0"/>
  <BlockFileSet Type="BlockSrcs" Name="fifo_generator_0"/>
  <BlockFileSet Type="BlockSrcs" Name="fifo_generator_32"/>
</GenRun>
