<?xml version="1.0" encoding="UTF-8" ?>
<webTalkData  fileName='usage_statistics_webtalk.xml'  majorVersion='1' minorVersion='0' timeStamp='Mon Jul 23 14:34:38 2018'>
<section name="__ROOT__" level="0" order="1" description="">
 <section name="software_version_and_target_device" level="1" order="1" description="">
  <keyValuePair key="beta" value="FALSE" description="" />
  <keyValuePair key="build_version" value="1682563" description="" />
  <keyValuePair key="date_generated" value="Mon Jul 23 14:34:38 2018" description="" />
  <keyValuePair key="os_platform" value="WIN64" description="" />
  <keyValuePair key="product_version" value="Vivado v2016.3 (64-bit)" description="" />
  <keyValuePair key="project_id" value="2de2c1895e2a4928b175a08b4d3c4a84" description="" />
  <keyValuePair key="project_iteration" value="153" description="" />
  <keyValuePair key="random_id" value="fdcc1f0d5bac5666b5372b6edb194fbd" description="" />
  <keyValuePair key="registration_id" value="fdcc1f0d5bac5666b5372b6edb194fbd" description="" />
  <keyValuePair key="route_design" value="TRUE" description="" />
  <keyValuePair key="target_device" value="xc7a35t" description="" />
  <keyValuePair key="target_family" value="artix7" description="" />
  <keyValuePair key="target_package" value="cpg236" description="" />
  <keyValuePair key="target_speed" value="-1" description="" />
  <keyValuePair key="tool_flow" value="Vivado" description="" />
 </section>
 <section name="user_environment" level="1" order="2" description="">
  <keyValuePair key="cpu_name" value="Intel(R) Core(TM) i3-4130 CPU @ 3.40GHz" description="" />
  <keyValuePair key="cpu_speed" value="3392 MHz" description="" />
  <keyValuePair key="os_name" value="Microsoft Windows 7 , 64-bit" description="" />
  <keyValuePair key="os_release" value="Service Pack 1  (build 7601)" description="" />
  <keyValuePair key="system_ram" value="8.000 GB" description="" />
  <keyValuePair key="total_processors" value="1" description="" />
 </section>
 <section name="ip_statistics" level="1" order="3" description="">
  <section name="clk_wiz_v5_3_2_0/1" level="2" order="1" description="">
   <keyValuePair key="clkin1_period" value="10.0" description="" />
   <keyValuePair key="clkin2_period" value="10.0" description="" />
   <keyValuePair key="clock_mgr_type" value="NA" description="" />
   <keyValuePair key="component_name" value="clk_wiz_0" description="" />
   <keyValuePair key="core_container" value="NA" description="" />
   <keyValuePair key="enable_axi" value="0" description="" />
   <keyValuePair key="feedback_source" value="FDBK_AUTO" description="" />
   <keyValuePair key="feedback_type" value="SINGLE" description="" />
   <keyValuePair key="iptotal" value="1" description="" />
   <keyValuePair key="manual_override" value="false" description="" />
   <keyValuePair key="num_out_clk" value="2" description="" />
   <keyValuePair key="primitive" value="MMCM" description="" />
   <keyValuePair key="use_dyn_phase_shift" value="false" description="" />
   <keyValuePair key="use_dyn_reconfig" value="false" description="" />
   <keyValuePair key="use_inclk_stopped" value="false" description="" />
   <keyValuePair key="use_inclk_switchover" value="false" description="" />
   <keyValuePair key="use_locked" value="true" description="" />
   <keyValuePair key="use_max_i_jitter" value="false" description="" />
   <keyValuePair key="use_min_o_jitter" value="false" description="" />
   <keyValuePair key="use_phase_alignment" value="true" description="" />
   <keyValuePair key="use_power_down" value="false" description="" />
   <keyValuePair key="use_reset" value="false" description="" />
  </section>
  <section name="clk_wiz_v5_3_2_0/2" level="2" order="2" description="">
   <keyValuePair key="clkin1_period" value="10.0" description="" />
   <keyValuePair key="clkin2_period" value="10.0" description="" />
   <keyValuePair key="clock_mgr_type" value="NA" description="" />
   <keyValuePair key="component_name" value="clk_wiz_115302" description="" />
   <keyValuePair key="core_container" value="NA" description="" />
   <keyValuePair key="enable_axi" value="0" description="" />
   <keyValuePair key="feedback_source" value="FDBK_AUTO" description="" />
   <keyValuePair key="feedback_type" value="SINGLE" description="" />
   <keyValuePair key="iptotal" value="1" description="" />
   <keyValuePair key="manual_override" value="false" description="" />
   <keyValuePair key="num_out_clk" value="1" description="" />
   <keyValuePair key="primitive" value="MMCM" description="" />
   <keyValuePair key="use_dyn_phase_shift" value="false" description="" />
   <keyValuePair key="use_dyn_reconfig" value="false" description="" />
   <keyValuePair key="use_inclk_stopped" value="false" description="" />
   <keyValuePair key="use_inclk_switchover" value="false" description="" />
   <keyValuePair key="use_locked" value="false" description="" />
   <keyValuePair key="use_max_i_jitter" value="false" description="" />
   <keyValuePair key="use_min_o_jitter" value="false" description="" />
   <keyValuePair key="use_phase_alignment" value="true" description="" />
   <keyValuePair key="use_power_down" value="false" description="" />
   <keyValuePair key="use_reset" value="false" description="" />
  </section>
  <section name="fifo_generator_v13_1_2/1" level="2" order="3" description="">
   <keyValuePair key="c_add_ngc_constraint" value="0" description="" />
   <keyValuePair key="c_application_type_axis" value="0" description="" />
   <keyValuePair key="c_application_type_rach" value="0" description="" />
   <keyValuePair key="c_application_type_rdch" value="0" description="" />
   <keyValuePair key="c_application_type_wach" value="0" description="" />
   <keyValuePair key="c_application_type_wdch" value="0" description="" />
   <keyValuePair key="c_application_type_wrch" value="0" description="" />
   <keyValuePair key="c_axi_addr_width" value="32" description="" />
   <keyValuePair key="c_axi_aruser_width" value="1" description="" />
   <keyValuePair key="c_axi_awuser_width" value="1" description="" />
   <keyValuePair key="c_axi_buser_width" value="1" description="" />
   <keyValuePair key="c_axi_data_width" value="64" description="" />
   <keyValuePair key="c_axi_id_width" value="1" description="" />
   <keyValuePair key="c_axi_len_width" value="8" description="" />
   <keyValuePair key="c_axi_lock_width" value="1" description="" />
   <keyValuePair key="c_axi_ruser_width" value="1" description="" />
   <keyValuePair key="c_axi_type" value="1" description="" />
   <keyValuePair key="c_axi_wuser_width" value="1" description="" />
   <keyValuePair key="c_axis_tdata_width" value="8" description="" />
   <keyValuePair key="c_axis_tdest_width" value="1" description="" />
   <keyValuePair key="c_axis_tid_width" value="1" description="" />
   <keyValuePair key="c_axis_tkeep_width" value="1" description="" />
   <keyValuePair key="c_axis_tstrb_width" value="1" description="" />
   <keyValuePair key="c_axis_tuser_width" value="4" description="" />
   <keyValuePair key="c_axis_type" value="0" description="" />
   <keyValuePair key="c_common_clock" value="1" description="" />
   <keyValuePair key="c_count_type" value="0" description="" />
   <keyValuePair key="c_data_count_width" value="14" description="" />
   <keyValuePair key="c_default_value" value="BlankString" description="" />
   <keyValuePair key="c_din_width" value="16" description="" />
   <keyValuePair key="c_din_width_axis" value="1" description="" />
   <keyValuePair key="c_din_width_rach" value="32" description="" />
   <keyValuePair key="c_din_width_rdch" value="64" description="" />
   <keyValuePair key="c_din_width_wach" value="1" description="" />
   <keyValuePair key="c_din_width_wdch" value="64" description="" />
   <keyValuePair key="c_din_width_wrch" value="2" description="" />
   <keyValuePair key="c_dout_rst_val" value="0" description="" />
   <keyValuePair key="c_dout_width" value="16" description="" />
   <keyValuePair key="c_en_safety_ckt" value="0" description="" />
   <keyValuePair key="c_enable_rlocs" value="0" description="" />
   <keyValuePair key="c_enable_rst_sync" value="1" description="" />
   <keyValuePair key="c_error_injection_type" value="0" description="" />
   <keyValuePair key="c_error_injection_type_axis" value="0" description="" />
   <keyValuePair key="c_error_injection_type_rach" value="0" description="" />
   <keyValuePair key="c_error_injection_type_rdch" value="0" description="" />
   <keyValuePair key="c_error_injection_type_wach" value="0" description="" />
   <keyValuePair key="c_error_injection_type_wdch" value="0" description="" />
   <keyValuePair key="c_error_injection_type_wrch" value="0" description="" />
   <keyValuePair key="c_family" value="artix7" description="" />
   <keyValuePair key="c_full_flags_rst_val" value="0" description="" />
   <keyValuePair key="c_has_almost_empty" value="0" description="" />
   <keyValuePair key="c_has_almost_full" value="0" description="" />
   <keyValuePair key="c_has_axi_aruser" value="0" description="" />
   <keyValuePair key="c_has_axi_awuser" value="0" description="" />
   <keyValuePair key="c_has_axi_buser" value="0" description="" />
   <keyValuePair key="c_has_axi_id" value="0" description="" />
   <keyValuePair key="c_has_axi_rd_channel" value="1" description="" />
   <keyValuePair key="c_has_axi_ruser" value="0" description="" />
   <keyValuePair key="c_has_axi_wr_channel" value="1" description="" />
   <keyValuePair key="c_has_axi_wuser" value="0" description="" />
   <keyValuePair key="c_has_axis_tdata" value="1" description="" />
   <keyValuePair key="c_has_axis_tdest" value="0" description="" />
   <keyValuePair key="c_has_axis_tid" value="0" description="" />
   <keyValuePair key="c_has_axis_tkeep" value="0" description="" />
   <keyValuePair key="c_has_axis_tlast" value="0" description="" />
   <keyValuePair key="c_has_axis_tready" value="1" description="" />
   <keyValuePair key="c_has_axis_tstrb" value="0" description="" />
   <keyValuePair key="c_has_axis_tuser" value="1" description="" />
   <keyValuePair key="c_has_backup" value="0" description="" />
   <keyValuePair key="c_has_data_count" value="1" description="" />
   <keyValuePair key="c_has_data_counts_axis" value="0" description="" />
   <keyValuePair key="c_has_data_counts_rach" value="0" description="" />
   <keyValuePair key="c_has_data_counts_rdch" value="0" description="" />
   <keyValuePair key="c_has_data_counts_wach" value="0" description="" />
   <keyValuePair key="c_has_data_counts_wdch" value="0" description="" />
   <keyValuePair key="c_has_data_counts_wrch" value="0" description="" />
   <keyValuePair key="c_has_int_clk" value="0" description="" />
   <keyValuePair key="c_has_master_ce" value="0" description="" />
   <keyValuePair key="c_has_meminit_file" value="0" description="" />
   <keyValuePair key="c_has_overflow" value="0" description="" />
   <keyValuePair key="c_has_prog_flags_axis" value="0" description="" />
   <keyValuePair key="c_has_prog_flags_rach" value="0" description="" />
   <keyValuePair key="c_has_prog_flags_rdch" value="0" description="" />
   <keyValuePair key="c_has_prog_flags_wach" value="0" description="" />
   <keyValuePair key="c_has_prog_flags_wdch" value="0" description="" />
   <keyValuePair key="c_has_prog_flags_wrch" value="0" description="" />
   <keyValuePair key="c_has_rd_data_count" value="0" description="" />
   <keyValuePair key="c_has_rd_rst" value="0" description="" />
   <keyValuePair key="c_has_rst" value="0" description="" />
   <keyValuePair key="c_has_slave_ce" value="0" description="" />
   <keyValuePair key="c_has_srst" value="1" description="" />
   <keyValuePair key="c_has_underflow" value="0" description="" />
   <keyValuePair key="c_has_valid" value="0" description="" />
   <keyValuePair key="c_has_wr_ack" value="0" description="" />
   <keyValuePair key="c_has_wr_data_count" value="0" description="" />
   <keyValuePair key="c_has_wr_rst" value="0" description="" />
   <keyValuePair key="c_implementation_type" value="0" description="" />
   <keyValuePair key="c_implementation_type_axis" value="1" description="" />
   <keyValuePair key="c_implementation_type_rach" value="2" description="" />
   <keyValuePair key="c_implementation_type_rdch" value="1" description="" />
   <keyValuePair key="c_implementation_type_wach" value="2" description="" />
   <keyValuePair key="c_implementation_type_wdch" value="1" description="" />
   <keyValuePair key="c_implementation_type_wrch" value="2" description="" />
   <keyValuePair key="c_init_wr_pntr_val" value="0" description="" />
   <keyValuePair key="c_interface_type" value="0" description="" />
   <keyValuePair key="c_memory_type" value="1" description="" />
   <keyValuePair key="c_mif_file_name" value="BlankString" description="" />
   <keyValuePair key="c_msgon_val" value="1" description="" />
   <keyValuePair key="c_optimization_mode" value="0" description="" />
   <keyValuePair key="c_overflow_low" value="0" description="" />
   <keyValuePair key="c_power_saving_mode" value="0" description="" />
   <keyValuePair key="c_preload_latency" value="1" description="" />
   <keyValuePair key="c_preload_regs" value="0" description="" />
   <keyValuePair key="c_prim_fifo_type" value="8kx4" description="" />
   <keyValuePair key="c_prim_fifo_type_axis" value="1kx18" description="" />
   <keyValuePair key="c_prim_fifo_type_rach" value="512x36" description="" />
   <keyValuePair key="c_prim_fifo_type_rdch" value="1kx36" description="" />
   <keyValuePair key="c_prim_fifo_type_wach" value="512x36" description="" />
   <keyValuePair key="c_prim_fifo_type_wdch" value="1kx36" description="" />
   <keyValuePair key="c_prim_fifo_type_wrch" value="512x36" description="" />
   <keyValuePair key="c_prog_empty_thresh_assert_val" value="2" description="" />
   <keyValuePair key="c_prog_empty_thresh_assert_val_axis" value="1022" description="" />
   <keyValuePair key="c_prog_empty_thresh_assert_val_rach" value="1022" description="" />
   <keyValuePair key="c_prog_empty_thresh_assert_val_rdch" value="1022" description="" />
   <keyValuePair key="c_prog_empty_thresh_assert_val_wach" value="1022" description="" />
   <keyValuePair key="c_prog_empty_thresh_assert_val_wdch" value="1022" description="" />
   <keyValuePair key="c_prog_empty_thresh_assert_val_wrch" value="1022" description="" />
   <keyValuePair key="c_prog_empty_thresh_negate_val" value="3" description="" />
   <keyValuePair key="c_prog_empty_type" value="0" description="" />
   <keyValuePair key="c_prog_empty_type_axis" value="0" description="" />
   <keyValuePair key="c_prog_empty_type_rach" value="0" description="" />
   <keyValuePair key="c_prog_empty_type_rdch" value="0" description="" />
   <keyValuePair key="c_prog_empty_type_wach" value="0" description="" />
   <keyValuePair key="c_prog_empty_type_wdch" value="0" description="" />
   <keyValuePair key="c_prog_empty_type_wrch" value="0" description="" />
   <keyValuePair key="c_prog_full_thresh_assert_val" value="16382" description="" />
   <keyValuePair key="c_prog_full_thresh_assert_val_axis" value="1023" description="" />
   <keyValuePair key="c_prog_full_thresh_assert_val_rach" value="1023" description="" />
   <keyValuePair key="c_prog_full_thresh_assert_val_rdch" value="1023" description="" />
   <keyValuePair key="c_prog_full_thresh_assert_val_wach" value="1023" description="" />
   <keyValuePair key="c_prog_full_thresh_assert_val_wdch" value="1023" description="" />
   <keyValuePair key="c_prog_full_thresh_assert_val_wrch" value="1023" description="" />
   <keyValuePair key="c_prog_full_thresh_negate_val" value="16381" description="" />
   <keyValuePair key="c_prog_full_type" value="0" description="" />
   <keyValuePair key="c_prog_full_type_axis" value="0" description="" />
   <keyValuePair key="c_prog_full_type_rach" value="0" description="" />
   <keyValuePair key="c_prog_full_type_rdch" value="0" description="" />
   <keyValuePair key="c_prog_full_type_wach" value="0" description="" />
   <keyValuePair key="c_prog_full_type_wdch" value="0" description="" />
   <keyValuePair key="c_prog_full_type_wrch" value="0" description="" />
   <keyValuePair key="c_rach_type" value="0" description="" />
   <keyValuePair key="c_rd_data_count_width" value="14" description="" />
   <keyValuePair key="c_rd_depth" value="16384" description="" />
   <keyValuePair key="c_rd_freq" value="1" description="" />
   <keyValuePair key="c_rd_pntr_width" value="14" description="" />
   <keyValuePair key="c_rdch_type" value="0" description="" />
   <keyValuePair key="c_reg_slice_mode_axis" value="0" description="" />
   <keyValuePair key="c_reg_slice_mode_rach" value="0" description="" />
   <keyValuePair key="c_reg_slice_mode_rdch" value="0" description="" />
   <keyValuePair key="c_reg_slice_mode_wach" value="0" description="" />
   <keyValuePair key="c_reg_slice_mode_wdch" value="0" description="" />
   <keyValuePair key="c_reg_slice_mode_wrch" value="0" description="" />
   <keyValuePair key="c_select_xpm" value="0" description="" />
   <keyValuePair key="c_synchronizer_stage" value="2" description="" />
   <keyValuePair key="c_underflow_low" value="0" description="" />
   <keyValuePair key="c_use_common_overflow" value="0" description="" />
   <keyValuePair key="c_use_common_underflow" value="0" description="" />
   <keyValuePair key="c_use_default_settings" value="0" description="" />
   <keyValuePair key="c_use_dout_rst" value="1" description="" />
   <keyValuePair key="c_use_ecc" value="0" description="" />
   <keyValuePair key="c_use_ecc_axis" value="0" description="" />
   <keyValuePair key="c_use_ecc_rach" value="0" description="" />
   <keyValuePair key="c_use_ecc_rdch" value="0" description="" />
   <keyValuePair key="c_use_ecc_wach" value="0" description="" />
   <keyValuePair key="c_use_ecc_wdch" value="0" description="" />
   <keyValuePair key="c_use_ecc_wrch" value="0" description="" />
   <keyValuePair key="c_use_embedded_reg" value="0" description="" />
   <keyValuePair key="c_use_fifo16_flags" value="0" description="" />
   <keyValuePair key="c_use_fwft_data_count" value="0" description="" />
   <keyValuePair key="c_use_pipeline_reg" value="0" description="" />
   <keyValuePair key="c_valid_low" value="0" description="" />
   <keyValuePair key="c_wach_type" value="0" description="" />
   <keyValuePair key="c_wdch_type" value="0" description="" />
   <keyValuePair key="c_wr_ack_low" value="0" description="" />
   <keyValuePair key="c_wr_data_count_width" value="14" description="" />
   <keyValuePair key="c_wr_depth" value="16384" description="" />
   <keyValuePair key="c_wr_depth_axis" value="1024" description="" />
   <keyValuePair key="c_wr_depth_rach" value="16" description="" />
   <keyValuePair key="c_wr_depth_rdch" value="1024" description="" />
   <keyValuePair key="c_wr_depth_wach" value="16" description="" />
   <keyValuePair key="c_wr_depth_wdch" value="1024" description="" />
   <keyValuePair key="c_wr_depth_wrch" value="16" description="" />
   <keyValuePair key="c_wr_freq" value="1" description="" />
   <keyValuePair key="c_wr_pntr_width" value="14" description="" />
   <keyValuePair key="c_wr_pntr_width_axis" value="10" description="" />
   <keyValuePair key="c_wr_pntr_width_rach" value="4" description="" />
   <keyValuePair key="c_wr_pntr_width_rdch" value="10" description="" />
   <keyValuePair key="c_wr_pntr_width_wach" value="4" description="" />
   <keyValuePair key="c_wr_pntr_width_wdch" value="10" description="" />
   <keyValuePair key="c_wr_pntr_width_wrch" value="4" description="" />
   <keyValuePair key="c_wr_response_latency" value="1" description="" />
   <keyValuePair key="c_wrch_type" value="0" description="" />
   <keyValuePair key="core_container" value="false" description="" />
   <keyValuePair key="iptotal" value="1" description="" />
   <keyValuePair key="x_ipcorerevision" value="2" description="" />
   <keyValuePair key="x_iplanguage" value="VERILOG" description="" />
   <keyValuePair key="x_iplibrary" value="ip" description="" />
   <keyValuePair key="x_ipname" value="fifo_generator" description="" />
   <keyValuePair key="x_ipproduct" value="Vivado 2016.3" description="" />
   <keyValuePair key="x_ipsimlanguage" value="MIXED" description="" />
   <keyValuePair key="x_ipvendor" value="xilinx.com" description="" />
   <keyValuePair key="x_ipversion" value="13.1" description="" />
  </section>
  <section name="fifo_generator_v13_1_2/2" level="2" order="4" description="">
   <keyValuePair key="c_add_ngc_constraint" value="0" description="" />
   <keyValuePair key="c_application_type_axis" value="0" description="" />
   <keyValuePair key="c_application_type_rach" value="0" description="" />
   <keyValuePair key="c_application_type_rdch" value="0" description="" />
   <keyValuePair key="c_application_type_wach" value="0" description="" />
   <keyValuePair key="c_application_type_wdch" value="0" description="" />
   <keyValuePair key="c_application_type_wrch" value="0" description="" />
   <keyValuePair key="c_axi_addr_width" value="32" description="" />
   <keyValuePair key="c_axi_aruser_width" value="1" description="" />
   <keyValuePair key="c_axi_awuser_width" value="1" description="" />
   <keyValuePair key="c_axi_buser_width" value="1" description="" />
   <keyValuePair key="c_axi_data_width" value="64" description="" />
   <keyValuePair key="c_axi_id_width" value="1" description="" />
   <keyValuePair key="c_axi_len_width" value="8" description="" />
   <keyValuePair key="c_axi_lock_width" value="1" description="" />
   <keyValuePair key="c_axi_ruser_width" value="1" description="" />
   <keyValuePair key="c_axi_type" value="1" description="" />
   <keyValuePair key="c_axi_wuser_width" value="1" description="" />
   <keyValuePair key="c_axis_tdata_width" value="8" description="" />
   <keyValuePair key="c_axis_tdest_width" value="1" description="" />
   <keyValuePair key="c_axis_tid_width" value="1" description="" />
   <keyValuePair key="c_axis_tkeep_width" value="1" description="" />
   <keyValuePair key="c_axis_tstrb_width" value="1" description="" />
   <keyValuePair key="c_axis_tuser_width" value="4" description="" />
   <keyValuePair key="c_axis_type" value="0" description="" />
   <keyValuePair key="c_common_clock" value="1" description="" />
   <keyValuePair key="c_count_type" value="0" description="" />
   <keyValuePair key="c_data_count_width" value="14" description="" />
   <keyValuePair key="c_default_value" value="BlankString" description="" />
   <keyValuePair key="c_din_width" value="32" description="" />
   <keyValuePair key="c_din_width_axis" value="1" description="" />
   <keyValuePair key="c_din_width_rach" value="32" description="" />
   <keyValuePair key="c_din_width_rdch" value="64" description="" />
   <keyValuePair key="c_din_width_wach" value="1" description="" />
   <keyValuePair key="c_din_width_wdch" value="64" description="" />
   <keyValuePair key="c_din_width_wrch" value="2" description="" />
   <keyValuePair key="c_dout_rst_val" value="0" description="" />
   <keyValuePair key="c_dout_width" value="32" description="" />
   <keyValuePair key="c_en_safety_ckt" value="0" description="" />
   <keyValuePair key="c_enable_rlocs" value="0" description="" />
   <keyValuePair key="c_enable_rst_sync" value="1" description="" />
   <keyValuePair key="c_error_injection_type" value="0" description="" />
   <keyValuePair key="c_error_injection_type_axis" value="0" description="" />
   <keyValuePair key="c_error_injection_type_rach" value="0" description="" />
   <keyValuePair key="c_error_injection_type_rdch" value="0" description="" />
   <keyValuePair key="c_error_injection_type_wach" value="0" description="" />
   <keyValuePair key="c_error_injection_type_wdch" value="0" description="" />
   <keyValuePair key="c_error_injection_type_wrch" value="0" description="" />
   <keyValuePair key="c_family" value="artix7" description="" />
   <keyValuePair key="c_full_flags_rst_val" value="0" description="" />
   <keyValuePair key="c_has_almost_empty" value="0" description="" />
   <keyValuePair key="c_has_almost_full" value="0" description="" />
   <keyValuePair key="c_has_axi_aruser" value="0" description="" />
   <keyValuePair key="c_has_axi_awuser" value="0" description="" />
   <keyValuePair key="c_has_axi_buser" value="0" description="" />
   <keyValuePair key="c_has_axi_id" value="0" description="" />
   <keyValuePair key="c_has_axi_rd_channel" value="1" description="" />
   <keyValuePair key="c_has_axi_ruser" value="0" description="" />
   <keyValuePair key="c_has_axi_wr_channel" value="1" description="" />
   <keyValuePair key="c_has_axi_wuser" value="0" description="" />
   <keyValuePair key="c_has_axis_tdata" value="1" description="" />
   <keyValuePair key="c_has_axis_tdest" value="0" description="" />
   <keyValuePair key="c_has_axis_tid" value="0" description="" />
   <keyValuePair key="c_has_axis_tkeep" value="0" description="" />
   <keyValuePair key="c_has_axis_tlast" value="0" description="" />
   <keyValuePair key="c_has_axis_tready" value="1" description="" />
   <keyValuePair key="c_has_axis_tstrb" value="0" description="" />
   <keyValuePair key="c_has_axis_tuser" value="1" description="" />
   <keyValuePair key="c_has_backup" value="0" description="" />
   <keyValuePair key="c_has_data_count" value="1" description="" />
   <keyValuePair key="c_has_data_counts_axis" value="0" description="" />
   <keyValuePair key="c_has_data_counts_rach" value="0" description="" />
   <keyValuePair key="c_has_data_counts_rdch" value="0" description="" />
   <keyValuePair key="c_has_data_counts_wach" value="0" description="" />
   <keyValuePair key="c_has_data_counts_wdch" value="0" description="" />
   <keyValuePair key="c_has_data_counts_wrch" value="0" description="" />
   <keyValuePair key="c_has_int_clk" value="0" description="" />
   <keyValuePair key="c_has_master_ce" value="0" description="" />
   <keyValuePair key="c_has_meminit_file" value="0" description="" />
   <keyValuePair key="c_has_overflow" value="0" description="" />
   <keyValuePair key="c_has_prog_flags_axis" value="0" description="" />
   <keyValuePair key="c_has_prog_flags_rach" value="0" description="" />
   <keyValuePair key="c_has_prog_flags_rdch" value="0" description="" />
   <keyValuePair key="c_has_prog_flags_wach" value="0" description="" />
   <keyValuePair key="c_has_prog_flags_wdch" value="0" description="" />
   <keyValuePair key="c_has_prog_flags_wrch" value="0" description="" />
   <keyValuePair key="c_has_rd_data_count" value="0" description="" />
   <keyValuePair key="c_has_rd_rst" value="0" description="" />
   <keyValuePair key="c_has_rst" value="0" description="" />
   <keyValuePair key="c_has_slave_ce" value="0" description="" />
   <keyValuePair key="c_has_srst" value="1" description="" />
   <keyValuePair key="c_has_underflow" value="0" description="" />
   <keyValuePair key="c_has_valid" value="0" description="" />
   <keyValuePair key="c_has_wr_ack" value="0" description="" />
   <keyValuePair key="c_has_wr_data_count" value="0" description="" />
   <keyValuePair key="c_has_wr_rst" value="0" description="" />
   <keyValuePair key="c_implementation_type" value="0" description="" />
   <keyValuePair key="c_implementation_type_axis" value="1" description="" />
   <keyValuePair key="c_implementation_type_rach" value="1" description="" />
   <keyValuePair key="c_implementation_type_rdch" value="1" description="" />
   <keyValuePair key="c_implementation_type_wach" value="1" description="" />
   <keyValuePair key="c_implementation_type_wdch" value="1" description="" />
   <keyValuePair key="c_implementation_type_wrch" value="1" description="" />
   <keyValuePair key="c_init_wr_pntr_val" value="0" description="" />
   <keyValuePair key="c_interface_type" value="0" description="" />
   <keyValuePair key="c_memory_type" value="1" description="" />
   <keyValuePair key="c_mif_file_name" value="BlankString" description="" />
   <keyValuePair key="c_msgon_val" value="1" description="" />
   <keyValuePair key="c_optimization_mode" value="0" description="" />
   <keyValuePair key="c_overflow_low" value="0" description="" />
   <keyValuePair key="c_power_saving_mode" value="0" description="" />
   <keyValuePair key="c_preload_latency" value="1" description="" />
   <keyValuePair key="c_preload_regs" value="0" description="" />
   <keyValuePair key="c_prim_fifo_type" value="8kx4" description="" />
   <keyValuePair key="c_prim_fifo_type_axis" value="1kx18" description="" />
   <keyValuePair key="c_prim_fifo_type_rach" value="512x36" description="" />
   <keyValuePair key="c_prim_fifo_type_rdch" value="1kx36" description="" />
   <keyValuePair key="c_prim_fifo_type_wach" value="512x36" description="" />
   <keyValuePair key="c_prim_fifo_type_wdch" value="1kx36" description="" />
   <keyValuePair key="c_prim_fifo_type_wrch" value="512x36" description="" />
   <keyValuePair key="c_prog_empty_thresh_assert_val" value="2" description="" />
   <keyValuePair key="c_prog_empty_thresh_assert_val_axis" value="1022" description="" />
   <keyValuePair key="c_prog_empty_thresh_assert_val_rach" value="1022" description="" />
   <keyValuePair key="c_prog_empty_thresh_assert_val_rdch" value="1022" description="" />
   <keyValuePair key="c_prog_empty_thresh_assert_val_wach" value="1022" description="" />
   <keyValuePair key="c_prog_empty_thresh_assert_val_wdch" value="1022" description="" />
   <keyValuePair key="c_prog_empty_thresh_assert_val_wrch" value="1022" description="" />
   <keyValuePair key="c_prog_empty_thresh_negate_val" value="3" description="" />
   <keyValuePair key="c_prog_empty_type" value="0" description="" />
   <keyValuePair key="c_prog_empty_type_axis" value="0" description="" />
   <keyValuePair key="c_prog_empty_type_rach" value="0" description="" />
   <keyValuePair key="c_prog_empty_type_rdch" value="0" description="" />
   <keyValuePair key="c_prog_empty_type_wach" value="0" description="" />
   <keyValuePair key="c_prog_empty_type_wdch" value="0" description="" />
   <keyValuePair key="c_prog_empty_type_wrch" value="0" description="" />
   <keyValuePair key="c_prog_full_thresh_assert_val" value="16382" description="" />
   <keyValuePair key="c_prog_full_thresh_assert_val_axis" value="1023" description="" />
   <keyValuePair key="c_prog_full_thresh_assert_val_rach" value="1023" description="" />
   <keyValuePair key="c_prog_full_thresh_assert_val_rdch" value="1023" description="" />
   <keyValuePair key="c_prog_full_thresh_assert_val_wach" value="1023" description="" />
   <keyValuePair key="c_prog_full_thresh_assert_val_wdch" value="1023" description="" />
   <keyValuePair key="c_prog_full_thresh_assert_val_wrch" value="1023" description="" />
   <keyValuePair key="c_prog_full_thresh_negate_val" value="16381" description="" />
   <keyValuePair key="c_prog_full_type" value="0" description="" />
   <keyValuePair key="c_prog_full_type_axis" value="0" description="" />
   <keyValuePair key="c_prog_full_type_rach" value="0" description="" />
   <keyValuePair key="c_prog_full_type_rdch" value="0" description="" />
   <keyValuePair key="c_prog_full_type_wach" value="0" description="" />
   <keyValuePair key="c_prog_full_type_wdch" value="0" description="" />
   <keyValuePair key="c_prog_full_type_wrch" value="0" description="" />
   <keyValuePair key="c_rach_type" value="0" description="" />
   <keyValuePair key="c_rd_data_count_width" value="14" description="" />
   <keyValuePair key="c_rd_depth" value="16384" description="" />
   <keyValuePair key="c_rd_freq" value="1" description="" />
   <keyValuePair key="c_rd_pntr_width" value="14" description="" />
   <keyValuePair key="c_rdch_type" value="0" description="" />
   <keyValuePair key="c_reg_slice_mode_axis" value="0" description="" />
   <keyValuePair key="c_reg_slice_mode_rach" value="0" description="" />
   <keyValuePair key="c_reg_slice_mode_rdch" value="0" description="" />
   <keyValuePair key="c_reg_slice_mode_wach" value="0" description="" />
   <keyValuePair key="c_reg_slice_mode_wdch" value="0" description="" />
   <keyValuePair key="c_reg_slice_mode_wrch" value="0" description="" />
   <keyValuePair key="c_select_xpm" value="0" description="" />
   <keyValuePair key="c_synchronizer_stage" value="2" description="" />
   <keyValuePair key="c_underflow_low" value="0" description="" />
   <keyValuePair key="c_use_common_overflow" value="0" description="" />
   <keyValuePair key="c_use_common_underflow" value="0" description="" />
   <keyValuePair key="c_use_default_settings" value="0" description="" />
   <keyValuePair key="c_use_dout_rst" value="1" description="" />
   <keyValuePair key="c_use_ecc" value="0" description="" />
   <keyValuePair key="c_use_ecc_axis" value="0" description="" />
   <keyValuePair key="c_use_ecc_rach" value="0" description="" />
   <keyValuePair key="c_use_ecc_rdch" value="0" description="" />
   <keyValuePair key="c_use_ecc_wach" value="0" description="" />
   <keyValuePair key="c_use_ecc_wdch" value="0" description="" />
   <keyValuePair key="c_use_ecc_wrch" value="0" description="" />
   <keyValuePair key="c_use_embedded_reg" value="0" description="" />
   <keyValuePair key="c_use_fifo16_flags" value="0" description="" />
   <keyValuePair key="c_use_fwft_data_count" value="0" description="" />
   <keyValuePair key="c_use_pipeline_reg" value="0" description="" />
   <keyValuePair key="c_valid_low" value="0" description="" />
   <keyValuePair key="c_wach_type" value="0" description="" />
   <keyValuePair key="c_wdch_type" value="0" description="" />
   <keyValuePair key="c_wr_ack_low" value="0" description="" />
   <keyValuePair key="c_wr_data_count_width" value="14" description="" />
   <keyValuePair key="c_wr_depth" value="16384" description="" />
   <keyValuePair key="c_wr_depth_axis" value="1024" description="" />
   <keyValuePair key="c_wr_depth_rach" value="16" description="" />
   <keyValuePair key="c_wr_depth_rdch" value="1024" description="" />
   <keyValuePair key="c_wr_depth_wach" value="16" description="" />
   <keyValuePair key="c_wr_depth_wdch" value="1024" description="" />
   <keyValuePair key="c_wr_depth_wrch" value="16" description="" />
   <keyValuePair key="c_wr_freq" value="1" description="" />
   <keyValuePair key="c_wr_pntr_width" value="14" description="" />
   <keyValuePair key="c_wr_pntr_width_axis" value="10" description="" />
   <keyValuePair key="c_wr_pntr_width_rach" value="4" description="" />
   <keyValuePair key="c_wr_pntr_width_rdch" value="10" description="" />
   <keyValuePair key="c_wr_pntr_width_wach" value="4" description="" />
   <keyValuePair key="c_wr_pntr_width_wdch" value="10" description="" />
   <keyValuePair key="c_wr_pntr_width_wrch" value="4" description="" />
   <keyValuePair key="c_wr_response_latency" value="1" description="" />
   <keyValuePair key="c_wrch_type" value="0" description="" />
   <keyValuePair key="core_container" value="false" description="" />
   <keyValuePair key="iptotal" value="1" description="" />
   <keyValuePair key="x_ipcorerevision" value="2" description="" />
   <keyValuePair key="x_iplanguage" value="VERILOG" description="" />
   <keyValuePair key="x_iplibrary" value="ip" description="" />
   <keyValuePair key="x_ipname" value="fifo_generator" description="" />
   <keyValuePair key="x_ipproduct" value="Vivado 2016.3" description="" />
   <keyValuePair key="x_ipsimlanguage" value="MIXED" description="" />
   <keyValuePair key="x_ipvendor" value="xilinx.com" description="" />
   <keyValuePair key="x_ipversion" value="13.1" description="" />
  </section>
  <section name="xfft_v9_0_11/1" level="2" order="5" description="">
   <keyValuePair key="c_arch" value="1" description="" />
   <keyValuePair key="c_bfly_type" value="1" description="" />
   <keyValuePair key="c_bram_stages" value="0" description="" />
   <keyValuePair key="c_channels" value="1" description="" />
   <keyValuePair key="c_cmpy_type" value="2" description="" />
   <keyValuePair key="c_data_mem_type" value="1" description="" />
   <keyValuePair key="c_has_aclken" value="0" description="" />
   <keyValuePair key="c_has_aresetn" value="1" description="" />
   <keyValuePair key="c_has_bfp" value="0" description="" />
   <keyValuePair key="c_has_cyclic_prefix" value="0" description="" />
   <keyValuePair key="c_has_natural_input" value="1" description="" />
   <keyValuePair key="c_has_natural_output" value="1" description="" />
   <keyValuePair key="c_has_nfft" value="0" description="" />
   <keyValuePair key="c_has_ovflo" value="0" description="" />
   <keyValuePair key="c_has_rounding" value="0" description="" />
   <keyValuePair key="c_has_scaling" value="1" description="" />
   <keyValuePair key="c_has_xk_index" value="1" description="" />
   <keyValuePair key="c_input_width" value="16" description="" />
   <keyValuePair key="c_m_axis_data_tdata_width" value="32" description="" />
   <keyValuePair key="c_m_axis_data_tuser_width" value="16" description="" />
   <keyValuePair key="c_m_axis_status_tdata_width" value="1" description="" />
   <keyValuePair key="c_nfft_max" value="13" description="" />
   <keyValuePair key="c_optimize_goal" value="0" description="" />
   <keyValuePair key="c_output_width" value="16" description="" />
   <keyValuePair key="c_reorder_mem_type" value="1" description="" />
   <keyValuePair key="c_s_axis_config_tdata_width" value="16" description="" />
   <keyValuePair key="c_s_axis_data_tdata_width" value="32" description="" />
   <keyValuePair key="c_throttle_scheme" value="1" description="" />
   <keyValuePair key="c_twiddle_mem_type" value="1" description="" />
   <keyValuePair key="c_twiddle_width" value="16" description="" />
   <keyValuePair key="c_use_flt_pt" value="0" description="" />
   <keyValuePair key="c_use_hybrid_ram" value="0" description="" />
   <keyValuePair key="c_xdevicefamily" value="artix7" description="" />
   <keyValuePair key="core_container" value="false" description="" />
   <keyValuePair key="iptotal" value="1" description="" />
   <keyValuePair key="x_ipcorerevision" value="11" description="" />
   <keyValuePair key="x_iplanguage" value="VERILOG" description="" />
   <keyValuePair key="x_iplibrary" value="ip" description="" />
   <keyValuePair key="x_ipname" value="xfft" description="" />
   <keyValuePair key="x_ipproduct" value="Vivado 2016.3" description="" />
   <keyValuePair key="x_ipsimlanguage" value="MIXED" description="" />
   <keyValuePair key="x_ipvendor" value="xilinx.com" description="" />
   <keyValuePair key="x_ipversion" value="9.0" description="" />
  </section>
 </section>
 <section name="power_opt_design" level="1" order="4" description="">
  <section name="command_line_options_spo" level="2" order="1" description="">
   <keyValuePair key="-cell_types" value="default::all" description="" />
   <keyValuePair key="-clocks" value="default::[not_specified]" description="" />
   <keyValuePair key="-exclude_cells" value="default::[not_specified]" description="" />
   <keyValuePair key="-include_cells" value="default::[not_specified]" description="" />
  </section>
  <section name="usage" level="2" order="2" description="">
   <keyValuePair key="bram_ports_augmented" value="39" description="" />
   <keyValuePair key="bram_ports_newly_gated" value="0" description="" />
   <keyValuePair key="bram_ports_total" value="84" description="" />
   <keyValuePair key="flow_state" value="default" description="" />
   <keyValuePair key="slice_registers_augmented" value="0" description="" />
   <keyValuePair key="slice_registers_newly_gated" value="0" description="" />
   <keyValuePair key="slice_registers_total" value="2503" description="" />
   <keyValuePair key="srls_augmented" value="0" description="" />
   <keyValuePair key="srls_newly_gated" value="0" description="" />
   <keyValuePair key="srls_total" value="230" description="" />
  </section>
 </section>
 <section name="report_drc" level="1" order="5" description="">
  <section name="command_line_options" level="2" order="1" description="">
   <keyValuePair key="-append" value="default::[not_specified]" description="" />
   <keyValuePair key="-checks" value="default::[not_specified]" description="" />
   <keyValuePair key="-fail_on" value="default::[not_specified]" description="" />
   <keyValuePair key="-force" value="default::[not_specified]" description="" />
   <keyValuePair key="-format" value="default::[not_specified]" description="" />
   <keyValuePair key="-messages" value="default::[not_specified]" description="" />
   <keyValuePair key="-name" value="default::[not_specified]" description="" />
   <keyValuePair key="-return_string" value="default::[not_specified]" description="" />
   <keyValuePair key="-ruledecks" value="default::[not_specified]" description="" />
   <keyValuePair key="-upgrade_cw" value="default::[not_specified]" description="" />
  </section>
  <section name="results" level="2" order="2" description="">
   <keyValuePair key="aval-4" value="20" description="" />
   <keyValuePair key="aval-5" value="8" description="" />
   <keyValuePair key="cfgbvs-1" value="1" description="" />
   <keyValuePair key="plck-12" value="1" description="" />
   <keyValuePair key="rtstat-10" value="1" description="" />
  </section>
 </section>
 <section name="report_methodology" level="1" order="6" description="">
  <section name="command_line_options" level="2" order="1" description="">
   <keyValuePair key="-append" value="default::[not_specified]" description="" />
   <keyValuePair key="-checks" value="default::[not_specified]" description="" />
   <keyValuePair key="-fail_on" value="default::[not_specified]" description="" />
   <keyValuePair key="-force" value="default::[not_specified]" description="" />
   <keyValuePair key="-format" value="default::[not_specified]" description="" />
   <keyValuePair key="-messages" value="default::[not_specified]" description="" />
   <keyValuePair key="-name" value="default::[not_specified]" description="" />
   <keyValuePair key="-return_string" value="default::[not_specified]" description="" />
  </section>
  <section name="results" level="2" order="2" description="">
   <keyValuePair key="timing-17" value="1000" description="" />
   <keyValuePair key="timing-18" value="7" description="" />
   <keyValuePair key="timing-27" value="2" description="" />
  </section>
 </section>
 <section name="report_power" level="1" order="7" description="">
  <section name="command_line_options" level="2" order="1" description="">
   <keyValuePair key="-advisory" value="default::[not_specified]" description="" />
   <keyValuePair key="-append" value="default::[not_specified]" description="" />
   <keyValuePair key="-file" value="[specified]" description="" />
   <keyValuePair key="-format" value="default::text" description="" />
   <keyValuePair key="-hier" value="default::power" description="" />
   <keyValuePair key="-l" value="default::[not_specified]" description="" />
   <keyValuePair key="-name" value="default::[not_specified]" description="" />
   <keyValuePair key="-no_propagation" value="default::[not_specified]" description="" />
   <keyValuePair key="-return_string" value="default::[not_specified]" description="" />
   <keyValuePair key="-rpx" value="[specified]" description="" />
   <keyValuePair key="-verbose" value="default::[not_specified]" description="" />
   <keyValuePair key="-vid" value="default::[not_specified]" description="" />
   <keyValuePair key="-xpe" value="default::[not_specified]" description="" />
  </section>
  <section name="usage" level="2" order="2" description="">
   <keyValuePair key="airflow" value="250 (LFM)" description="" />
   <keyValuePair key="ambient_temp" value="25.0 (C)" description="" />
   <keyValuePair key="bi-dir_toggle" value="12.500000" description="" />
   <keyValuePair key="bidir_output_enable" value="1.000000" description="" />
   <keyValuePair key="board_layers" value="12to15 (12 to 15 Layers)" description="" />
   <keyValuePair key="board_selection" value="medium (10&quot;x10&quot;)" description="" />
   <keyValuePair key="bram" value="0.000000" description="" />
   <keyValuePair key="clocks" value="0.000817" description="" />
   <keyValuePair key="confidence_level_clock_activity" value="Low" description="" />
   <keyValuePair key="confidence_level_design_state" value="High" description="" />
   <keyValuePair key="confidence_level_device_models" value="High" description="" />
   <keyValuePair key="confidence_level_internal_activity" value="Medium" description="" />
   <keyValuePair key="confidence_level_io_activity" value="Low" description="" />
   <keyValuePair key="confidence_level_overall" value="Low" description="" />
   <keyValuePair key="customer" value="TBD" description="" />
   <keyValuePair key="customer_class" value="TBD" description="" />
   <keyValuePair key="devstatic" value="0.073912" description="" />
   <keyValuePair key="die" value="xc7a35tcpg236-1" description="" />
   <keyValuePair key="dsp" value="0.000000" description="" />
   <keyValuePair key="dsp_output_toggle" value="12.500000" description="" />
   <keyValuePair key="dynamic" value="0.210128" description="" />
   <keyValuePair key="effective_thetaja" value="5.0" description="" />
   <keyValuePair key="enable_probability" value="0.990000" description="" />
   <keyValuePair key="family" value="artix7" description="" />
   <keyValuePair key="ff_toggle" value="12.500000" description="" />
   <keyValuePair key="flow_state" value="routed" description="" />
   <keyValuePair key="heatsink" value="medium (Medium Profile)" description="" />
   <keyValuePair key="i/o" value="0.001832" description="" />
   <keyValuePair key="input_toggle" value="12.500000" description="" />
   <keyValuePair key="junction_temp" value="26.4 (C)" description="" />
   <keyValuePair key="logic" value="0.000310" description="" />
   <keyValuePair key="mgtavcc_dynamic_current" value="0.000000" description="" />
   <keyValuePair key="mgtavcc_static_current" value="0.000000" description="" />
   <keyValuePair key="mgtavcc_total_current" value="0.000000" description="" />
   <keyValuePair key="mgtavcc_voltage" value="1.000000" description="" />
   <keyValuePair key="mgtavtt_dynamic_current" value="0.000000" description="" />
   <keyValuePair key="mgtavtt_static_current" value="0.000000" description="" />
   <keyValuePair key="mgtavtt_total_current" value="0.000000" description="" />
   <keyValuePair key="mgtavtt_voltage" value="1.200000" description="" />
   <keyValuePair key="mmcm" value="0.206801" description="" />
   <keyValuePair key="netlist_net_matched" value="NA" description="" />
   <keyValuePair key="off-chip_power" value="0.000000" description="" />
   <keyValuePair key="on-chip_power" value="0.284040" description="" />
   <keyValuePair key="output_enable" value="1.000000" description="" />
   <keyValuePair key="output_load" value="5.000000" description="" />
   <keyValuePair key="output_toggle" value="12.500000" description="" />
   <keyValuePair key="package" value="cpg236" description="" />
   <keyValuePair key="pct_clock_constrained" value="2.000000" description="" />
   <keyValuePair key="pct_inputs_defined" value="16" description="" />
   <keyValuePair key="platform" value="nt64" description="" />
   <keyValuePair key="process" value="typical" description="" />
   <keyValuePair key="ram_enable" value="50.000000" description="" />
   <keyValuePair key="ram_write" value="50.000000" description="" />
   <keyValuePair key="read_saif" value="False" description="" />
   <keyValuePair key="set/reset_probability" value="0.000000" description="" />
   <keyValuePair key="signal_rate" value="False" description="" />
   <keyValuePair key="signals" value="0.000369" description="" />
   <keyValuePair key="simulation_file" value="None" description="" />
   <keyValuePair key="speedgrade" value="-1" description="" />
   <keyValuePair key="static_prob" value="False" description="" />
   <keyValuePair key="temp_grade" value="commercial" description="" />
   <keyValuePair key="thetajb" value="7.5 (C/W)" description="" />
   <keyValuePair key="thetasa" value="4.6 (C/W)" description="" />
   <keyValuePair key="toggle_rate" value="False" description="" />
   <keyValuePair key="user_board_temp" value="25.0 (C)" description="" />
   <keyValuePair key="user_effective_thetaja" value="5.0" description="" />
   <keyValuePair key="user_junc_temp" value="26.4 (C)" description="" />
   <keyValuePair key="user_thetajb" value="7.5 (C/W)" description="" />
   <keyValuePair key="user_thetasa" value="4.6 (C/W)" description="" />
   <keyValuePair key="vccadc_dynamic_current" value="0.000000" description="" />
   <keyValuePair key="vccadc_static_current" value="0.020000" description="" />
   <keyValuePair key="vccadc_total_current" value="0.020000" description="" />
   <keyValuePair key="vccadc_voltage" value="1.800000" description="" />
   <keyValuePair key="vccaux_dynamic_current" value="0.114748" description="" />
   <keyValuePair key="vccaux_io_dynamic_current" value="0.000000" description="" />
   <keyValuePair key="vccaux_io_static_current" value="0.000000" description="" />
   <keyValuePair key="vccaux_io_total_current" value="0.000000" description="" />
   <keyValuePair key="vccaux_io_voltage" value="1.800000" description="" />
   <keyValuePair key="vccaux_static_current" value="0.012643" description="" />
   <keyValuePair key="vccaux_total_current" value="0.127392" description="" />
   <keyValuePair key="vccaux_voltage" value="1.800000" description="" />
   <keyValuePair key="vccbram_dynamic_current" value="0.000000" description="" />
   <keyValuePair key="vccbram_static_current" value="0.000958" description="" />
   <keyValuePair key="vccbram_total_current" value="0.000958" description="" />
   <keyValuePair key="vccbram_voltage" value="1.000000" description="" />
   <keyValuePair key="vccint_dynamic_current" value="0.001941" description="" />
   <keyValuePair key="vccint_static_current" value="0.010896" description="" />
   <keyValuePair key="vccint_total_current" value="0.012836" description="" />
   <keyValuePair key="vccint_voltage" value="1.000000" description="" />
   <keyValuePair key="vcco12_dynamic_current" value="0.000000" description="" />
   <keyValuePair key="vcco12_static_current" value="0.000000" description="" />
   <keyValuePair key="vcco12_total_current" value="0.000000" description="" />
   <keyValuePair key="vcco12_voltage" value="1.200000" description="" />
   <keyValuePair key="vcco135_dynamic_current" value="0.000000" description="" />
   <keyValuePair key="vcco135_static_current" value="0.000000" description="" />
   <keyValuePair key="vcco135_total_current" value="0.000000" description="" />
   <keyValuePair key="vcco135_voltage" value="1.350000" description="" />
   <keyValuePair key="vcco15_dynamic_current" value="0.000000" description="" />
   <keyValuePair key="vcco15_static_current" value="0.000000" description="" />
   <keyValuePair key="vcco15_total_current" value="0.000000" description="" />
   <keyValuePair key="vcco15_voltage" value="1.500000" description="" />
   <keyValuePair key="vcco18_dynamic_current" value="0.000000" description="" />
   <keyValuePair key="vcco18_static_current" value="0.000000" description="" />
   <keyValuePair key="vcco18_total_current" value="0.000000" description="" />
   <keyValuePair key="vcco18_voltage" value="1.800000" description="" />
   <keyValuePair key="vcco25_dynamic_current" value="0.000000" description="" />
   <keyValuePair key="vcco25_static_current" value="0.000000" description="" />
   <keyValuePair key="vcco25_total_current" value="0.000000" description="" />
   <keyValuePair key="vcco25_voltage" value="2.500000" description="" />
   <keyValuePair key="vcco33_dynamic_current" value="0.000497" description="" />
   <keyValuePair key="vcco33_static_current" value="0.001000" description="" />
   <keyValuePair key="vcco33_total_current" value="0.001497" description="" />
   <keyValuePair key="vcco33_voltage" value="3.300000" description="" />
   <keyValuePair key="version" value="2016.3" description="" />
  </section>
 </section>
 <section name="report_utilization" level="1" order="8" description="">
  <section name="clocking" level="2" order="1" description="">
   <keyValuePair key="bufgctrl_available" value="32" description="" />
   <keyValuePair key="bufgctrl_fixed" value="0" description="" />
   <keyValuePair key="bufgctrl_used" value="6" description="" />
   <keyValuePair key="bufgctrl_util_percentage" value="18.75" description="" />
   <keyValuePair key="bufhce_available" value="72" description="" />
   <keyValuePair key="bufhce_fixed" value="0" description="" />
   <keyValuePair key="bufhce_used" value="0" description="" />
   <keyValuePair key="bufhce_util_percentage" value="0.00" description="" />
   <keyValuePair key="bufio_available" value="20" description="" />
   <keyValuePair key="bufio_fixed" value="0" description="" />
   <keyValuePair key="bufio_used" value="0" description="" />
   <keyValuePair key="bufio_util_percentage" value="0.00" description="" />
   <keyValuePair key="bufmrce_available" value="10" description="" />
   <keyValuePair key="bufmrce_fixed" value="0" description="" />
   <keyValuePair key="bufmrce_used" value="0" description="" />
   <keyValuePair key="bufmrce_util_percentage" value="0.00" description="" />
   <keyValuePair key="bufr_available" value="20" description="" />
   <keyValuePair key="bufr_fixed" value="0" description="" />
   <keyValuePair key="bufr_used" value="0" description="" />
   <keyValuePair key="bufr_util_percentage" value="0.00" description="" />
   <keyValuePair key="mmcme2_adv_available" value="5" description="" />
   <keyValuePair key="mmcme2_adv_fixed" value="0" description="" />
   <keyValuePair key="mmcme2_adv_used" value="2" description="" />
   <keyValuePair key="mmcme2_adv_util_percentage" value="40.00" description="" />
   <keyValuePair key="plle2_adv_available" value="5" description="" />
   <keyValuePair key="plle2_adv_fixed" value="0" description="" />
   <keyValuePair key="plle2_adv_used" value="0" description="" />
   <keyValuePair key="plle2_adv_util_percentage" value="0.00" description="" />
  </section>
  <section name="dsp" level="2" order="2" description="">
   <keyValuePair key="dsp48e1_only_used" value="20" description="" />
   <keyValuePair key="dsps_available" value="90" description="" />
   <keyValuePair key="dsps_fixed" value="0" description="" />
   <keyValuePair key="dsps_used" value="20" description="" />
   <keyValuePair key="dsps_util_percentage" value="22.22" description="" />
  </section>
  <section name="io_standard" level="2" order="3" description="">
   <keyValuePair key="blvds_25" value="0" description="" />
   <keyValuePair key="diff_hstl_i" value="0" description="" />
   <keyValuePair key="diff_hstl_i_18" value="0" description="" />
   <keyValuePair key="diff_hstl_ii" value="0" description="" />
   <keyValuePair key="diff_hstl_ii_18" value="0" description="" />
   <keyValuePair key="diff_hsul_12" value="0" description="" />
   <keyValuePair key="diff_mobile_ddr" value="0" description="" />
   <keyValuePair key="diff_sstl135" value="0" description="" />
   <keyValuePair key="diff_sstl135_r" value="0" description="" />
   <keyValuePair key="diff_sstl15" value="0" description="" />
   <keyValuePair key="diff_sstl15_r" value="0" description="" />
   <keyValuePair key="diff_sstl18_i" value="0" description="" />
   <keyValuePair key="diff_sstl18_ii" value="0" description="" />
   <keyValuePair key="hstl_i" value="0" description="" />
   <keyValuePair key="hstl_i_18" value="0" description="" />
   <keyValuePair key="hstl_ii" value="0" description="" />
   <keyValuePair key="hstl_ii_18" value="0" description="" />
   <keyValuePair key="hsul_12" value="0" description="" />
   <keyValuePair key="lvcmos12" value="0" description="" />
   <keyValuePair key="lvcmos15" value="0" description="" />
   <keyValuePair key="lvcmos18" value="0" description="" />
   <keyValuePair key="lvcmos25" value="0" description="" />
   <keyValuePair key="lvcmos33" value="1" description="" />
   <keyValuePair key="lvds_25" value="0" description="" />
   <keyValuePair key="lvttl" value="0" description="" />
   <keyValuePair key="mini_lvds_25" value="0" description="" />
   <keyValuePair key="mobile_ddr" value="0" description="" />
   <keyValuePair key="pci33_3" value="0" description="" />
   <keyValuePair key="ppds_25" value="0" description="" />
   <keyValuePair key="rsds_25" value="0" description="" />
   <keyValuePair key="sstl135" value="0" description="" />
   <keyValuePair key="sstl135_r" value="0" description="" />
   <keyValuePair key="sstl15" value="0" description="" />
   <keyValuePair key="sstl15_r" value="0" description="" />
   <keyValuePair key="sstl18_i" value="0" description="" />
   <keyValuePair key="sstl18_ii" value="0" description="" />
   <keyValuePair key="tmds_33" value="0" description="" />
  </section>
  <section name="memory" level="2" order="4" description="">
   <keyValuePair key="block_ram_tile_available" value="50" description="" />
   <keyValuePair key="block_ram_tile_fixed" value="0" description="" />
   <keyValuePair key="block_ram_tile_used" value="33" description="" />
   <keyValuePair key="block_ram_tile_util_percentage" value="66.00" description="" />
   <keyValuePair key="ramb18_available" value="100" description="" />
   <keyValuePair key="ramb18_fixed" value="0" description="" />
   <keyValuePair key="ramb18_used" value="18" description="" />
   <keyValuePair key="ramb18_util_percentage" value="18.00" description="" />
   <keyValuePair key="ramb18e1_only_used" value="18" description="" />
   <keyValuePair key="ramb36_fifo_available" value="50" description="" />
   <keyValuePair key="ramb36_fifo_fixed" value="0" description="" />
   <keyValuePair key="ramb36_fifo_used" value="24" description="" />
   <keyValuePair key="ramb36_fifo_util_percentage" value="48.00" description="" />
   <keyValuePair key="ramb36e1_only_used" value="24" description="" />
  </section>
  <section name="primitives" level="2" order="5" description="">
   <keyValuePair key="bufg_functional_category" value="Clock" description="" />
   <keyValuePair key="bufg_used" value="6" description="" />
   <keyValuePair key="carry4_functional_category" value="CarryLogic" description="" />
   <keyValuePair key="carry4_used" value="101" description="" />
   <keyValuePair key="dsp48e1_functional_category" value="Block Arithmetic" description="" />
   <keyValuePair key="dsp48e1_used" value="20" description="" />
   <keyValuePair key="fdre_functional_category" value="Flop &amp; Latch" description="" />
   <keyValuePair key="fdre_used" value="2461" description="" />
   <keyValuePair key="fdse_functional_category" value="Flop &amp; Latch" description="" />
   <keyValuePair key="fdse_used" value="42" description="" />
   <keyValuePair key="ibuf_functional_category" value="IO" description="" />
   <keyValuePair key="ibuf_used" value="6" description="" />
   <keyValuePair key="lut1_functional_category" value="LUT" description="" />
   <keyValuePair key="lut1_used" value="42" description="" />
   <keyValuePair key="lut2_functional_category" value="LUT" description="" />
   <keyValuePair key="lut2_used" value="195" description="" />
   <keyValuePair key="lut3_functional_category" value="LUT" description="" />
   <keyValuePair key="lut3_used" value="454" description="" />
   <keyValuePair key="lut4_functional_category" value="LUT" description="" />
   <keyValuePair key="lut4_used" value="188" description="" />
   <keyValuePair key="lut5_functional_category" value="LUT" description="" />
   <keyValuePair key="lut5_used" value="115" description="" />
   <keyValuePair key="lut6_functional_category" value="LUT" description="" />
   <keyValuePair key="lut6_used" value="530" description="" />
   <keyValuePair key="mmcme2_adv_functional_category" value="Clock" description="" />
   <keyValuePair key="mmcme2_adv_used" value="2" description="" />
   <keyValuePair key="muxf7_functional_category" value="MuxFx" description="" />
   <keyValuePair key="muxf7_used" value="23" description="" />
   <keyValuePair key="obuf_functional_category" value="IO" description="" />
   <keyValuePair key="obuf_used" value="15" description="" />
   <keyValuePair key="ramb18e1_functional_category" value="Block Memory" description="" />
   <keyValuePair key="ramb18e1_used" value="18" description="" />
   <keyValuePair key="ramb36e1_functional_category" value="Block Memory" description="" />
   <keyValuePair key="ramb36e1_used" value="24" description="" />
   <keyValuePair key="srl16e_functional_category" value="Distributed Memory" description="" />
   <keyValuePair key="srl16e_used" value="182" description="" />
   <keyValuePair key="srlc32e_functional_category" value="Distributed Memory" description="" />
   <keyValuePair key="srlc32e_used" value="48" description="" />
  </section>
  <section name="slice_logic" level="2" order="6" description="">
   <keyValuePair key="f7_muxes_available" value="16300" description="" />
   <keyValuePair key="f7_muxes_fixed" value="0" description="" />
   <keyValuePair key="f7_muxes_used" value="23" description="" />
   <keyValuePair key="f7_muxes_util_percentage" value="0.14" description="" />
   <keyValuePair key="f8_muxes_available" value="8150" description="" />
   <keyValuePair key="f8_muxes_fixed" value="0" description="" />
   <keyValuePair key="f8_muxes_used" value="0" description="" />
   <keyValuePair key="f8_muxes_util_percentage" value="0.00" description="" />
   <keyValuePair key="fully_used_lut_ff_pairs_fixed" value="6.02" description="" />
   <keyValuePair key="fully_used_lut_ff_pairs_used" value="251" description="" />
   <keyValuePair key="lut_as_distributed_ram_fixed" value="0" description="" />
   <keyValuePair key="lut_as_distributed_ram_fixed" value="0" description="" />
   <keyValuePair key="lut_as_distributed_ram_used" value="0" description="" />
   <keyValuePair key="lut_as_distributed_ram_used" value="0" description="" />
   <keyValuePair key="lut_as_logic_available" value="20800" description="" />
   <keyValuePair key="lut_as_logic_available" value="20800" description="" />
   <keyValuePair key="lut_as_logic_fixed" value="0" description="" />
   <keyValuePair key="lut_as_logic_fixed" value="0" description="" />
   <keyValuePair key="lut_as_logic_used" value="1294" description="" />
   <keyValuePair key="lut_as_logic_used" value="1294" description="" />
   <keyValuePair key="lut_as_logic_util_percentage" value="6.22" description="" />
   <keyValuePair key="lut_as_logic_util_percentage" value="6.22" description="" />
   <keyValuePair key="lut_as_memory_available" value="9600" description="" />
   <keyValuePair key="lut_as_memory_available" value="9600" description="" />
   <keyValuePair key="lut_as_memory_fixed" value="0" description="" />
   <keyValuePair key="lut_as_memory_fixed" value="0" description="" />
   <keyValuePair key="lut_as_memory_used" value="147" description="" />
   <keyValuePair key="lut_as_memory_used" value="147" description="" />
   <keyValuePair key="lut_as_memory_util_percentage" value="1.53" description="" />
   <keyValuePair key="lut_as_memory_util_percentage" value="1.53" description="" />
   <keyValuePair key="lut_as_shift_register_fixed" value="0" description="" />
   <keyValuePair key="lut_as_shift_register_fixed" value="0" description="" />
   <keyValuePair key="lut_as_shift_register_used" value="147" description="" />
   <keyValuePair key="lut_as_shift_register_used" value="147" description="" />
   <keyValuePair key="lut_ff_pairs_with_one_unused_flip_flop_fixed" value="147" description="" />
   <keyValuePair key="lut_ff_pairs_with_one_unused_flip_flop_used" value="645" description="" />
   <keyValuePair key="lut_ff_pairs_with_one_unused_lut_output_fixed" value="645" description="" />
   <keyValuePair key="lut_ff_pairs_with_one_unused_lut_output_used" value="810" description="" />
   <keyValuePair key="lut_flip_flop_pairs_available" value="20800" description="" />
   <keyValuePair key="lut_flip_flop_pairs_fixed" value="0" description="" />
   <keyValuePair key="lut_flip_flop_pairs_used" value="1069" description="" />
   <keyValuePair key="lut_flip_flop_pairs_util_percentage" value="5.14" description="" />
   <keyValuePair key="register_as_flip_flop_available" value="41600" description="" />
   <keyValuePair key="register_as_flip_flop_fixed" value="0" description="" />
   <keyValuePair key="register_as_flip_flop_used" value="2503" description="" />
   <keyValuePair key="register_as_flip_flop_util_percentage" value="6.02" description="" />
   <keyValuePair key="register_as_latch_available" value="41600" description="" />
   <keyValuePair key="register_as_latch_fixed" value="0" description="" />
   <keyValuePair key="register_as_latch_used" value="0" description="" />
   <keyValuePair key="register_as_latch_util_percentage" value="0.00" description="" />
   <keyValuePair key="slice_available" value="8150" description="" />
   <keyValuePair key="slice_fixed" value="0" description="" />
   <keyValuePair key="slice_luts_available" value="20800" description="" />
   <keyValuePair key="slice_luts_fixed" value="0" description="" />
   <keyValuePair key="slice_luts_used" value="1441" description="" />
   <keyValuePair key="slice_luts_util_percentage" value="6.93" description="" />
   <keyValuePair key="slice_registers_available" value="41600" description="" />
   <keyValuePair key="slice_registers_fixed" value="0" description="" />
   <keyValuePair key="slice_registers_used" value="2503" description="" />
   <keyValuePair key="slice_registers_util_percentage" value="6.02" description="" />
   <keyValuePair key="slice_used" value="768" description="" />
   <keyValuePair key="slice_util_percentage" value="9.42" description="" />
   <keyValuePair key="slicel_fixed" value="0" description="" />
   <keyValuePair key="slicel_used" value="488" description="" />
   <keyValuePair key="slicem_fixed" value="0" description="" />
   <keyValuePair key="slicem_used" value="280" description="" />
   <keyValuePair key="unique_control_sets_used" value="38" description="" />
   <keyValuePair key="using_o5_and_o6_fixed" value="38" description="" />
   <keyValuePair key="using_o5_and_o6_used" value="83" description="" />
   <keyValuePair key="using_o5_output_only_fixed" value="83" description="" />
   <keyValuePair key="using_o5_output_only_used" value="8" description="" />
   <keyValuePair key="using_o6_output_only_fixed" value="8" description="" />
   <keyValuePair key="using_o6_output_only_used" value="56" description="" />
  </section>
  <section name="specific_feature" level="2" order="7" description="">
   <keyValuePair key="bscane2_available" value="4" description="" />
   <keyValuePair key="bscane2_fixed" value="0" description="" />
   <keyValuePair key="bscane2_used" value="0" description="" />
   <keyValuePair key="bscane2_util_percentage" value="0.00" description="" />
   <keyValuePair key="capturee2_available" value="1" description="" />
   <keyValuePair key="capturee2_fixed" value="0" description="" />
   <keyValuePair key="capturee2_used" value="0" description="" />
   <keyValuePair key="capturee2_util_percentage" value="0.00" description="" />
   <keyValuePair key="dna_port_available" value="1" description="" />
   <keyValuePair key="dna_port_fixed" value="0" description="" />
   <keyValuePair key="dna_port_used" value="0" description="" />
   <keyValuePair key="dna_port_util_percentage" value="0.00" description="" />
   <keyValuePair key="efuse_usr_available" value="1" description="" />
   <keyValuePair key="efuse_usr_fixed" value="0" description="" />
   <keyValuePair key="efuse_usr_used" value="0" description="" />
   <keyValuePair key="efuse_usr_util_percentage" value="0.00" description="" />
   <keyValuePair key="frame_ecce2_available" value="1" description="" />
   <keyValuePair key="frame_ecce2_fixed" value="0" description="" />
   <keyValuePair key="frame_ecce2_used" value="0" description="" />
   <keyValuePair key="frame_ecce2_util_percentage" value="0.00" description="" />
   <keyValuePair key="icape2_available" value="2" description="" />
   <keyValuePair key="icape2_fixed" value="0" description="" />
   <keyValuePair key="icape2_used" value="0" description="" />
   <keyValuePair key="icape2_util_percentage" value="0.00" description="" />
   <keyValuePair key="pcie_2_1_available" value="1" description="" />
   <keyValuePair key="pcie_2_1_fixed" value="0" description="" />
   <keyValuePair key="pcie_2_1_used" value="0" description="" />
   <keyValuePair key="pcie_2_1_util_percentage" value="0.00" description="" />
   <keyValuePair key="startupe2_available" value="1" description="" />
   <keyValuePair key="startupe2_fixed" value="0" description="" />
   <keyValuePair key="startupe2_used" value="0" description="" />
   <keyValuePair key="startupe2_util_percentage" value="0.00" description="" />
   <keyValuePair key="xadc_available" value="1" description="" />
   <keyValuePair key="xadc_fixed" value="0" description="" />
   <keyValuePair key="xadc_used" value="0" description="" />
   <keyValuePair key="xadc_util_percentage" value="0.00" description="" />
  </section>
 </section>
 <section name="router" level="1" order="9" description="">
  <section name="usage" level="2" order="1" description="">
   <keyValuePair key="actual_expansions" value="5666570" description="" />
   <keyValuePair key="bogomips" value="0" description="" />
   <keyValuePair key="bram18" value="18" description="" />
   <keyValuePair key="bram36" value="24" description="" />
   <keyValuePair key="bufg" value="0" description="" />
   <keyValuePair key="bufr" value="0" description="" />
   <keyValuePair key="congestion_level" value="0" description="" />
   <keyValuePair key="ctrls" value="38" description="" />
   <keyValuePair key="dsp" value="20" description="" />
   <keyValuePair key="effort" value="2" description="" />
   <keyValuePair key="estimated_expansions" value="4765848" description="" />
   <keyValuePair key="ff" value="2503" description="" />
   <keyValuePair key="global_clocks" value="6" description="" />
   <keyValuePair key="high_fanout_nets" value="5" description="" />
   <keyValuePair key="iob" value="21" description="" />
   <keyValuePair key="lut" value="1542" description="" />
   <keyValuePair key="movable_instances" value="4871" description="" />
   <keyValuePair key="nets" value="6687" description="" />
   <keyValuePair key="pins" value="40557" description="" />
   <keyValuePair key="pll" value="0" description="" />
   <keyValuePair key="router_runtime" value="0.000000" description="" />
   <keyValuePair key="router_timing_driven" value="1" description="" />
   <keyValuePair key="threads" value="2" description="" />
   <keyValuePair key="timing_constraints_exist" value="1" description="" />
  </section>
 </section>
 <section name="synthesis" level="1" order="10" description="">
  <section name="command_line_options" level="2" order="1" description="">
   <keyValuePair key="-assert" value="default::[not_specified]" description="" />
   <keyValuePair key="-bufg" value="default::12" description="" />
   <keyValuePair key="-cascade_dsp" value="default::auto" description="" />
   <keyValuePair key="-constrset" value="default::[not_specified]" description="" />
   <keyValuePair key="-control_set_opt_threshold" value="default::auto" description="" />
   <keyValuePair key="-directive" value="default::default" description="" />
   <keyValuePair key="-fanout_limit" value="default::10000" description="" />
   <keyValuePair key="-flatten_hierarchy" value="default::rebuilt" description="" />
   <keyValuePair key="-fsm_extraction" value="default::auto" description="" />
   <keyValuePair key="-gated_clock_conversion" value="default::off" description="" />
   <keyValuePair key="-generic" value="default::[not_specified]" description="" />
   <keyValuePair key="-include_dirs" value="default::[not_specified]" description="" />
   <keyValuePair key="-keep_equivalent_registers" value="default::[not_specified]" description="" />
   <keyValuePair key="-max_bram" value="default::-1" description="" />
   <keyValuePair key="-max_bram_cascade_height" value="default::-1" description="" />
   <keyValuePair key="-max_dsp" value="default::-1" description="" />
   <keyValuePair key="-max_uram" value="default::-1" description="" />
   <keyValuePair key="-max_uram_cascade_height" value="default::-1" description="" />
   <keyValuePair key="-mode" value="default::default" description="" />
   <keyValuePair key="-name" value="default::[not_specified]" description="" />
   <keyValuePair key="-no_lc" value="default::[not_specified]" description="" />
   <keyValuePair key="-no_srlextract" value="default::[not_specified]" description="" />
   <keyValuePair key="-no_timing_driven" value="default::[not_specified]" description="" />
   <keyValuePair key="-part" value="xc7a35tcpg236-1" description="" />
   <keyValuePair key="-resource_sharing" value="default::auto" description="" />
   <keyValuePair key="-retiming" value="default::[not_specified]" description="" />
   <keyValuePair key="-rtl" value="default::[not_specified]" description="" />
   <keyValuePair key="-rtl_skip_constraints" value="default::[not_specified]" description="" />
   <keyValuePair key="-rtl_skip_ip" value="default::[not_specified]" description="" />
   <keyValuePair key="-seu_protect" value="default::none" description="" />
   <keyValuePair key="-shreg_min_size" value="default::3" description="" />
   <keyValuePair key="-top" value="MYAA" description="" />
   <keyValuePair key="-verilog_define" value="default::[not_specified]" description="" />
  </section>
  <section name="usage" level="2" order="2" description="">
   <keyValuePair key="elapsed" value="00:00:27s" description="" />
   <keyValuePair key="hls_ip" value="0" description="" />
   <keyValuePair key="memory_gain" value="418.621MB" description="" />
   <keyValuePair key="memory_peak" value="679.039MB" description="" />
  </section>
 </section>
 <section name="unisim_transformation" level="1" order="11" description="">
  <section name="post_unisim_transformation" level="2" order="1" description="">
   <keyValuePair key="bufg" value="6" description="" />
   <keyValuePair key="carry4" value="101" description="" />
   <keyValuePair key="dsp48e1" value="20" description="" />
   <keyValuePair key="fdre" value="2523" description="" />
   <keyValuePair key="fdse" value="41" description="" />
   <keyValuePair key="gnd" value="316" description="" />
   <keyValuePair key="ibuf" value="6" description="" />
   <keyValuePair key="lut1" value="170" description="" />
   <keyValuePair key="lut2" value="158" description="" />
   <keyValuePair key="lut3" value="438" description="" />
   <keyValuePair key="lut4" value="172" description="" />
   <keyValuePair key="lut5" value="88" description="" />
   <keyValuePair key="lut6" value="626" description="" />
   <keyValuePair key="mmcme2_adv" value="2" description="" />
   <keyValuePair key="muxf7" value="35" description="" />
   <keyValuePair key="obuf" value="15" description="" />
   <keyValuePair key="ramb18e1" value="18" description="" />
   <keyValuePair key="ramb36e1" value="24" description="" />
   <keyValuePair key="srl16e" value="210" description="" />
   <keyValuePair key="srlc32e" value="48" description="" />
   <keyValuePair key="vcc" value="121" description="" />
  </section>
  <section name="pre_unisim_transformation" level="2" order="2" description="">
   <keyValuePair key="bufg" value="6" description="" />
   <keyValuePair key="carry4" value="101" description="" />
   <keyValuePair key="dsp48e1" value="20" description="" />
   <keyValuePair key="fdre" value="2523" description="" />
   <keyValuePair key="fdse" value="41" description="" />
   <keyValuePair key="gnd" value="316" description="" />
   <keyValuePair key="ibuf" value="8" description="" />
   <keyValuePair key="lut1" value="170" description="" />
   <keyValuePair key="lut2" value="158" description="" />
   <keyValuePair key="lut3" value="438" description="" />
   <keyValuePair key="lut4" value="172" description="" />
   <keyValuePair key="lut5" value="88" description="" />
   <keyValuePair key="lut6" value="626" description="" />
   <keyValuePair key="mmcme2_adv" value="2" description="" />
   <keyValuePair key="muxf7" value="35" description="" />
   <keyValuePair key="obuf" value="15" description="" />
   <keyValuePair key="ramb18e1" value="18" description="" />
   <keyValuePair key="ramb36e1" value="24" description="" />
   <keyValuePair key="srl16e" value="210" description="" />
   <keyValuePair key="srlc32e" value="48" description="" />
   <keyValuePair key="vcc" value="121" description="" />
  </section>
 </section>
 <section name="vivado_usage" level="1" order="12" description="">
  <section name="gui_resources" level="2" order="1" description="">
   <keyValuePair key="abstractfileview_reload" value="6" description="" />
   <keyValuePair key="addsrcwizard_specify_block_design_sub_design_units" value="1" description="" />
   <keyValuePair key="basedialog_cancel" value="37" description="" />
   <keyValuePair key="basedialog_ok" value="167" description="" />
   <keyValuePair key="basedialog_yes" value="8" description="" />
   <keyValuePair key="cfgmempartchooser_table" value="12" description="" />
   <keyValuePair key="cmdmsgdialog_ok" value="24" description="" />
   <keyValuePair key="combinationalconstraintstablepanel_table" value="2" description="" />
   <keyValuePair key="commandlinepanel_command" value="1" description="" />
   <keyValuePair key="commandsinput_type_tcl_command_here" value="14" description="" />
   <keyValuePair key="confirmsavetexteditsdialog_yes" value="2" description="" />
   <keyValuePair key="constraintschooserpanel_create_file" value="1" description="" />
   <keyValuePair key="constraintschooserpanel_file_table" value="1" description="" />
   <keyValuePair key="corebrowserview_collapse_all" value="2" description="" />
   <keyValuePair key="corebrowserview_expand_all" value="1" description="" />
   <keyValuePair key="corebrowserview_group_cores_by_taxonomy_or_repository" value="2" description="" />
   <keyValuePair key="coretreetablepanel_core_tree_table" value="102" description="" />
   <keyValuePair key="createconstraintsfilepanel_file_name" value="1" description="" />
   <keyValuePair key="createsrcfiledialog_file_name" value="4" description="" />
   <keyValuePair key="customizecoredialog_documentation" value="8" description="" />
   <keyValuePair key="customizecoredialog_ip_location" value="1" description="" />
   <keyValuePair key="definemodulesdialog_define_modules_and_specify_io_ports" value="45" description="" />
   <keyValuePair key="expreporttreepanel_exp_report_tree_table" value="17" description="" />
   <keyValuePair key="expruntreepanel_exp_run_tree_table" value="35" description="" />
   <keyValuePair key="filesetpanel_0_critical_warning" value="1" description="" />
   <keyValuePair key="filesetpanel_file_set_panel_tree" value="692" description="" />
   <keyValuePair key="filesetview_collapse_all" value="1" description="" />
   <keyValuePair key="filesetview_expand_all" value="1" description="" />
   <keyValuePair key="filtertoolbar_show_all" value="1" description="" />
   <keyValuePair key="flownavigatortreepanel_flow_navigator_tree" value="381" description="" />
   <keyValuePair key="gettingstartedview_create_new_project" value="1" description="" />
   <keyValuePair key="gettingstartedview_open_example_project" value="1" description="" />
   <keyValuePair key="gettingstartedview_open_project" value="3" description="" />
   <keyValuePair key="gettingstartedview_recent_projects" value="27" description="" />
   <keyValuePair key="hardwarecfgmemproppanels_specify_configuration_memory_programming" value="3" description="" />
   <keyValuePair key="hardwaredeviceproppanels_specify_bitstream_file" value="6" description="" />
   <keyValuePair key="hardwaretreepanel_hardware_tree_table" value="232" description="" />
   <keyValuePair key="hardwareview_collapse_next_level" value="2" description="" />
   <keyValuePair key="hardwareview_expand_next_level" value="3" description="" />
   <keyValuePair key="hcodeeditor_search_text_combo_box" value="88" description="" />
   <keyValuePair key="hinputhandler_toggle_block_comments" value="6" description="" />
   <keyValuePair key="hinputhandler_toggle_line_comments" value="36" description="" />
   <keyValuePair key="hinputhandler_unindent_selection" value="1" description="" />
   <keyValuePair key="hpopuptitle_close" value="1" description="" />
   <keyValuePair key="interfacestreetablepanel_interface_tree_table" value="28" description="" />
   <keyValuePair key="intraclockssectionpanel_intra_clocks_section_table" value="22" description="" />
   <keyValuePair key="ipcoreview_tabbed_pane" value="10" description="" />
   <keyValuePair key="labtoolsmenu_jtag_scan_rate" value="1" description="" />
   <keyValuePair key="logmonitor_monitor" value="7" description="" />
   <keyValuePair key="logpanel_log_navigator" value="1" description="" />
   <keyValuePair key="mainmenumgr_design_hubs" value="1" description="" />
   <keyValuePair key="mainmenumgr_edit" value="8" description="" />
   <keyValuePair key="mainmenumgr_file" value="22" description="" />
   <keyValuePair key="mainmenumgr_flow" value="6" description="" />
   <keyValuePair key="mainmenumgr_help" value="2" description="" />
   <keyValuePair key="mainmenumgr_open_recent_file" value="9" description="" />
   <keyValuePair key="mainmenumgr_open_recent_project" value="11" description="" />
   <keyValuePair key="mainmenumgr_report" value="17" description="" />
   <keyValuePair key="mainmenumgr_tools" value="38" description="" />
   <keyValuePair key="mainmenumgr_unselect_type" value="3" description="" />
   <keyValuePair key="mainmenumgr_view" value="8" description="" />
   <keyValuePair key="mainmenumgr_window" value="12" description="" />
   <keyValuePair key="maintoolbarmgr_open" value="1" description="" />
   <keyValuePair key="maintoolbarmgr_open_recent_file" value="1" description="" />
   <keyValuePair key="mainwinmenumgr_layout" value="8" description="" />
   <keyValuePair key="messagewithoptiondialog_dont_show_this_dialog_again" value="8" description="" />
   <keyValuePair key="msgtreepanel_message_view_tree" value="95" description="" />
   <keyValuePair key="msgview_critical_warnings" value="4" description="" />
   <keyValuePair key="msgview_error_messages" value="6" description="" />
   <keyValuePair key="msgview_information_messages" value="1" description="" />
   <keyValuePair key="msgview_warning_messages" value="4" description="" />
   <keyValuePair key="navigabletimingreporttab_timing_report_navigation_tree" value="55" description="" />
   <keyValuePair key="netlisttreeview_netlist_tree" value="5" description="" />
   <keyValuePair key="openfileaction_cancel" value="5" description="" />
   <keyValuePair key="openfileaction_open_directory" value="1" description="" />
   <keyValuePair key="pacodeview_copy" value="9" description="" />
   <keyValuePair key="pacommandnames_add_sources" value="1" description="" />
   <keyValuePair key="pacommandnames_answer_record_help" value="1" description="" />
   <keyValuePair key="pacommandnames_auto_connect_target" value="70" description="" />
   <keyValuePair key="pacommandnames_close_project" value="1" description="" />
   <keyValuePair key="pacommandnames_close_server" value="1" description="" />
   <keyValuePair key="pacommandnames_customize_core" value="2" description="" />
   <keyValuePair key="pacommandnames_ip_settings" value="1" description="" />
   <keyValuePair key="pacommandnames_log_window" value="1" description="" />
   <keyValuePair key="pacommandnames_move_to_top" value="1" description="" />
   <keyValuePair key="pacommandnames_open_hardware_manager" value="1" description="" />
   <keyValuePair key="pacommandnames_open_target_wizard" value="2" description="" />
   <keyValuePair key="pacommandnames_packager_create_interface_definition" value="1" description="" />
   <keyValuePair key="pacommandnames_ports_window" value="1" description="" />
   <keyValuePair key="pacommandnames_program_config_memory" value="16" description="" />
   <keyValuePair key="pacommandnames_program_fpga" value="133" description="" />
   <keyValuePair key="pacommandnames_reports_window" value="3" description="" />
   <keyValuePair key="pacommandnames_save_project_as" value="1" description="" />
   <keyValuePair key="pacommandnames_show_product_guide" value="6" description="" />
   <keyValuePair key="pacommandnames_show_product_webpage" value="1" description="" />
   <keyValuePair key="pacommandnames_write_config_memory_file" value="17" description="" />
   <keyValuePair key="partchooser_family_chooser" value="1" description="" />
   <keyValuePair key="partchooser_parts" value="1" description="" />
   <keyValuePair key="pathreporttableview_description" value="6" description="" />
   <keyValuePair key="paviews_code" value="63" description="" />
   <keyValuePair key="paviews_device" value="3" description="" />
   <keyValuePair key="paviews_ip_catalog" value="4" description="" />
   <keyValuePair key="paviews_ip_definition_editor" value="1" description="" />
   <keyValuePair key="paviews_project_summary" value="2" description="" />
   <keyValuePair key="programcfgmemdialog_contents_of_configuration_file" value="15" description="" />
   <keyValuePair key="programcfgmemdialog_verify" value="1" description="" />
   <keyValuePair key="programdebugtab_open_target" value="3" description="" />
   <keyValuePair key="programdebugtab_program_device" value="26" description="" />
   <keyValuePair key="programfpgadialog_program" value="151" description="" />
   <keyValuePair key="programfpgadialog_specify_bitstream_file" value="69" description="" />
   <keyValuePair key="progressdialog_background" value="16" description="" />
   <keyValuePair key="progressdialog_cancel" value="4" description="" />
   <keyValuePair key="projectnamechooser_choose_project_location" value="1" description="" />
   <keyValuePair key="projectsettingsippage_delete_ip_cache" value="3" description="" />
   <keyValuePair key="projectsettingsippage_ip_synthesis_cache_location" value="3" description="" />
   <keyValuePair key="projectsettingsippage_tabbed_pane" value="4" description="" />
   <keyValuePair key="projecttab_reload" value="2" description="" />
   <keyValuePair key="rdicommands_copy" value="16" description="" />
   <keyValuePair key="rdicommands_custom_commands" value="5" description="" />
   <keyValuePair key="rdicommands_cut" value="3" description="" />
   <keyValuePair key="rdicommands_delete" value="5" description="" />
   <keyValuePair key="rdicommands_line_comment" value="25" description="" />
   <keyValuePair key="rdicommands_paste" value="13" description="" />
   <keyValuePair key="rdicommands_properties" value="7" description="" />
   <keyValuePair key="rdicommands_redo" value="34" description="" />
   <keyValuePair key="rdicommands_save_file" value="1" description="" />
   <keyValuePair key="rdicommands_save_file_as" value="5" description="" />
   <keyValuePair key="rdicommands_undo" value="6" description="" />
   <keyValuePair key="removesourcesdialog_also_delete" value="7" description="" />
   <keyValuePair key="rungadget_show_error_and_critical_warning_messages" value="2" description="" />
   <keyValuePair key="rungadget_show_warning_and_error_messages_in_messages" value="2" description="" />
   <keyValuePair key="saveprojectutils_save" value="8" description="" />
   <keyValuePair key="signaltreepanel_signal_tree_table" value="12" description="" />
   <keyValuePair key="simpleoutputproductdialog_generate_output_products_immediately" value="37" description="" />
   <keyValuePair key="srcchooserpanel_add_hdl_and_netlist_files_to_your_project" value="3" description="" />
   <keyValuePair key="srcchooserpanel_create_file" value="5" description="" />
   <keyValuePair key="srcmenu_ip_documentation" value="3" description="" />
   <keyValuePair key="stalemoreaction_out_of_date_details" value="1" description="" />
   <keyValuePair key="statemonitor_cancel" value="14" description="" />
   <keyValuePair key="statemonitor_reset_run" value="3" description="" />
   <keyValuePair key="statemonitor_reset_step" value="3" description="" />
   <keyValuePair key="taskbanner_close" value="51" description="" />
   <keyValuePair key="tclconsoleview_tcl_console_code_editor" value="34" description="" />
   <keyValuePair key="tclobjecttreetable_treetable" value="3" description="" />
   <keyValuePair key="timingconstraintswizard_goto_constraints_summary_page" value="3" description="" />
   <keyValuePair key="timingitemflattablepanel_table" value="11" description="" />
   <keyValuePair key="touchpointsurveydialog_no" value="1" description="" />
   <keyValuePair key="touchpointsurveydialog_remind_me_later" value="6" description="" />
   <keyValuePair key="touchpointsurveydialog_yes" value="1" description="" />
   <keyValuePair key="writecfgmemfiledialog_add_new_file_option_panel" value="1" description="" />
   <keyValuePair key="writecfgmemfiledialog_custom_memory_size" value="1" description="" />
   <keyValuePair key="writecfgmemfiledialog_disable_bit_swapping" value="2" description="" />
   <keyValuePair key="writecfgmemfiledialog_load_bitstream_files" value="14" description="" />
   <keyValuePair key="writecfgmemfiledialog_load_data_files" value="4" description="" />
   <keyValuePair key="writecfgmemfiledialog_memory_part" value="15" description="" />
   <keyValuePair key="writecfgmemfiledialog_overwrite" value="12" description="" />
   <keyValuePair key="writecfgmemfiledialog_part_chooser" value="7" description="" />
   <keyValuePair key="writecfgmemfiledialog_remove_this_file_option_panel" value="1" description="" />
   <keyValuePair key="writecfgmemfiledialog_specify_bitfile_filename" value="17" description="" />
   <keyValuePair key="writecfgmemfiledialog_specify_configuration_filename" value="15" description="" />
   <keyValuePair key="writecfgmemfiledialog_write_checksum" value="4" description="" />
   <keyValuePair key="xpg_tabbedpane_tabbed_pane" value="4" description="" />
  </section>
  <section name="java_command_handlers" level="2" order="2" description="">
   <keyValuePair key="addcfgmem" value="7" description="" />
   <keyValuePair key="addsources" value="7" description="" />
   <keyValuePair key="autoconnecttarget" value="69" description="" />
   <keyValuePair key="buseditorhandler" value="2" description="" />
   <keyValuePair key="closeproject" value="3" description="" />
   <keyValuePair key="closeserver" value="1" description="" />
   <keyValuePair key="coreview" value="8" description="" />
   <keyValuePair key="createinterfacedefinitionhandler" value="1" description="" />
   <keyValuePair key="customizecore" value="11" description="" />
   <keyValuePair key="editcopy" value="3" description="" />
   <keyValuePair key="editdelete" value="42" description="" />
   <keyValuePair key="editpaste" value="40" description="" />
   <keyValuePair key="editproperties" value="7" description="" />
   <keyValuePair key="editredo" value="56" description="" />
   <keyValuePair key="editundo" value="44" description="" />
   <keyValuePair key="fliptoviewtasksynthesis" value="1" description="" />
   <keyValuePair key="ippackagerhandler" value="1" description="" />
   <keyValuePair key="launchopentarget" value="2" description="" />
   <keyValuePair key="launchprogramfpga" value="157" description="" />
   <keyValuePair key="movesources" value="1" description="" />
   <keyValuePair key="newhardwaredashboard" value="5" description="" />
   <keyValuePair key="newproject" value="1" description="" />
   <keyValuePair key="openhardwaremanager" value="97" description="" />
   <keyValuePair key="openproject" value="3" description="" />
   <keyValuePair key="openrecenttarget" value="75" description="" />
   <keyValuePair key="programcfgmem" value="17" description="" />
   <keyValuePair key="programdevice" value="5" description="" />
   <keyValuePair key="projectsettingscmdhandler" value="14" description="" />
   <keyValuePair key="recustomizecore" value="45" description="" />
   <keyValuePair key="runbitgen" value="176" description="" />
   <keyValuePair key="runimplementation" value="24" description="" />
   <keyValuePair key="runsynthesis" value="15" description="" />
   <keyValuePair key="savedesign" value="1" description="" />
   <keyValuePair key="savefileproxyhandler" value="12" description="" />
   <keyValuePair key="saveprojectas" value="1" description="" />
   <keyValuePair key="showproductguide" value="6" description="" />
   <keyValuePair key="showproductwebpage" value="1" description="" />
   <keyValuePair key="showview" value="33" description="" />
   <keyValuePair key="timingconstraintswizard" value="4" description="" />
   <keyValuePair key="viewtaskimplementation" value="4" description="" />
   <keyValuePair key="viewtaskprogramanddebug" value="1" description="" />
   <keyValuePair key="viewtaskprojectmanager" value="1" description="" />
   <keyValuePair key="writecfgmemfile" value="25" description="" />
  </section>
  <section name="other_data" level="2" order="3" description="">
   <keyValuePair key="guimode" value="33" description="" />
  </section>
  <section name="project_data" level="2" order="4" description="">
   <keyValuePair key="constraintsetcount" value="1" description="" />
   <keyValuePair key="core_container" value="false" description="" />
   <keyValuePair key="currentimplrun" value="impl_1" description="" />
   <keyValuePair key="currentsynthesisrun" value="synth_1" description="" />
   <keyValuePair key="default_library" value="xil_defaultlib" description="" />
   <keyValuePair key="designmode" value="RTL" description="" />
   <keyValuePair key="export_simulation_activehdl" value="32" description="" />
   <keyValuePair key="export_simulation_ies" value="32" description="" />
   <keyValuePair key="export_simulation_modelsim" value="32" description="" />
   <keyValuePair key="export_simulation_questa" value="32" description="" />
   <keyValuePair key="export_simulation_riviera" value="32" description="" />
   <keyValuePair key="export_simulation_vcs" value="32" description="" />
   <keyValuePair key="export_simulation_xsim" value="32" description="" />
   <keyValuePair key="implstrategy" value="Vivado Implementation Defaults" description="" />
   <keyValuePair key="launch_simulation_activehdl" value="0" description="" />
   <keyValuePair key="launch_simulation_ies" value="0" description="" />
   <keyValuePair key="launch_simulation_modelsim" value="0" description="" />
   <keyValuePair key="launch_simulation_questa" value="0" description="" />
   <keyValuePair key="launch_simulation_riviera" value="0" description="" />
   <keyValuePair key="launch_simulation_vcs" value="0" description="" />
   <keyValuePair key="launch_simulation_xsim" value="0" description="" />
   <keyValuePair key="simulator_language" value="Mixed" description="" />
   <keyValuePair key="srcsetcount" value="6" description="" />
   <keyValuePair key="synthesisstrategy" value="Vivado Synthesis Defaults" description="" />
   <keyValuePair key="target_language" value="Verilog" description="" />
   <keyValuePair key="target_simulator" value="XSim" description="" />
   <keyValuePair key="totalimplruns" value="6" description="" />
   <keyValuePair key="totalsynthesisruns" value="6" description="" />
  </section>
 </section>
</section>
</webTalkData>
