<?xml version="1.0" encoding="UTF-8"?>
<GenRun Id="clk_wiz_115302_synth_1" LaunchPart="xc7a35tcpg236-1" LaunchTime="1532324864">
  <File Type="PA-TCL" Name="clk_wiz_115302.tcl"/>
  <File Type="RDS-PROPCONSTRS" Name="clk_wiz_115302_drc_synth.rpt"/>
  <File Type="RDS-RDS" Name="clk_wiz_115302.vds"/>
  <File Type="RDS-UTIL" Name="clk_wiz_115302_utilization_synth.rpt"/>
  <File Type="RDS-UTIL-PB" Name="clk_wiz_115302_utilization_synth.pb"/>
  <File Type="RDS-DCP" Name="clk_wiz_115302.dcp"/>
  <File Type="VDS-TIMINGSUMMARY" Name="clk_wiz_115302_timing_summary_synth.rpt"/>
  <File Type="VDS-TIMING-PB" Name="clk_wiz_115302_timing_summary_synth.pb"/>
  <FileSet Name="sources" Type="BlockSrcs" RelSrcDir="$PSRCDIR/clk_wiz_115302">
    <File Path="$PSRCDIR/sources_1/ip/clk_wiz_115302/clk_wiz_115302.xci">
      <FileInfo>
        <Attr Name="UsedIn" Val="synthesis"/>
        <Attr Name="UsedIn" Val="implementation"/>
        <Attr Name="UsedIn" Val="simulation"/>
      </FileInfo>
    </File>
    <Config>
      <Option Name="TopModule" Val="clk_wiz_115302"/>
      <Option Name="UseBlackboxStub" Val="1"/>
    </Config>
  </FileSet>
  <FileSet Name="constrs_in" Type="BlockSrcs" RelSrcDir="$PSRCDIR/clk_wiz_115302">
    <File Path="$PSRCDIR/sources_1/ip/clk_wiz_115302/clk_wiz_115302.xci">
      <FileInfo>
        <Attr Name="UsedIn" Val="synthesis"/>
        <Attr Name="UsedIn" Val="implementation"/>
        <Attr Name="UsedIn" Val="simulation"/>
      </FileInfo>
    </File>
    <Config>
      <Option Name="TopModule" Val="clk_wiz_115302"/>
      <Option Name="UseBlackboxStub" Val="1"/>
    </Config>
  </FileSet>
  <Strategy Version="1" Minor="2">
    <StratHandle Name="Vivado Synthesis Defaults" Flow="Vivado Synthesis 2016"/>
    <Step Id="synth_design"/>
  </Strategy>
</GenRun>
