<?xml version="1.0" encoding="UTF-8"?>
<GenRun Id="cordic_0_synth_1" LaunchPart="xc7a35tcpg236-1" LaunchTime="1508996155">
  <File Type="RDS-PROPCONSTRS" Name="cordic_0_drc_synth.rpt"/>
  <File Type="PA-TCL" Name="cordic_0.tcl"/>
  <File Type="RDS-RDS" Name="cordic_0.vds"/>
  <File Type="RDS-UTIL" Name="cordic_0_utilization_synth.rpt"/>
  <File Type="RDS-UTIL-PB" Name="cordic_0_utilization_synth.pb"/>
  <File Type="RDS-DCP" Name="cordic_0.dcp"/>
  <File Type="VDS-TIMINGSUMMARY" Name="cordic_0_timing_summary_synth.rpt"/>
  <File Type="VDS-TIMING-PB" Name="cordic_0_timing_summary_synth.pb"/>
  <FileSet Name="sources" Type="BlockSrcs" RelSrcDir="$PSRCDIR/cordic_0">
    <File Path="$PSRCDIR/sources_1/ip/cordic_0/cordic_0.xci">
      <FileInfo>
        <Attr Name="UsedIn" Val="synthesis"/>
        <Attr Name="UsedIn" Val="implementation"/>
        <Attr Name="UsedIn" Val="simulation"/>
      </FileInfo>
    </File>
    <Config>
      <Option Name="TopModule" Val="cordic_0"/>
      <Option Name="UseBlackboxStub" Val="1"/>
    </Config>
  </FileSet>
  <FileSet Name="constrs_in" Type="BlockSrcs" RelSrcDir="$PSRCDIR/cordic_0">
    <File Path="$PSRCDIR/sources_1/ip/cordic_0/cordic_0.xci">
      <FileInfo>
        <Attr Name="UsedIn" Val="synthesis"/>
        <Attr Name="UsedIn" Val="implementation"/>
        <Attr Name="UsedIn" Val="simulation"/>
      </FileInfo>
    </File>
    <Config>
      <Option Name="TopModule" Val="cordic_0"/>
      <Option Name="UseBlackboxStub" Val="1"/>
    </Config>
  </FileSet>
  <Strategy Version="1" Minor="2">
    <StratHandle Name="Vivado Synthesis Defaults" Flow="Vivado Synthesis 2016"/>
    <Step Id="synth_design"/>
  </Strategy>
</GenRun>
